G21
G90;svg > path
G0 X0 Y279.4
G1 X215.9 Y279.4 F300
G1 X215.9 Y0 F300
G1 X0 Y0 F300
G1 X0 Y279.4 F300;svg > polyline
G0 X23.75 Y234.65
G1 X23.75 Y234.65 F300
G1 X200.9 Y234.65 F300;svg > polyline
G0 X23.75 Y232.9
G1 X23.75 Y232.9 F300
G1 X200.9 Y232.9 F300;svg > polyline
G0 X23.75 Y231.15
G1 X23.75 Y231.15 F300
G1 X200.9 Y231.15 F300;svg > polyline
G0 X23.75 Y229.4
G1 X23.75 Y229.4 F300
G1 X200.9 Y229.4 F300;svg > polyline
G0 X23.75 Y227.65
G1 X23.75 Y227.65 F300
G1 X200.9 Y227.65 F300;svg > polyline
G0 X23.75 Y216.275
G1 X23.75 Y216.275 F300
G1 X200.9 Y216.275 F300;svg > polyline
G0 X23.75 Y214.525
G1 X23.75 Y214.525 F300
G1 X200.9 Y214.525 F300;svg > polyline
G0 X23.75 Y212.775
G1 X23.75 Y212.775 F300
G1 X200.9 Y212.775 F300;svg > polyline
G0 X23.75 Y211.025
G1 X23.75 Y211.025 F300
G1 X200.9 Y211.025 F300;svg > polyline
G0 X23.75 Y209.275
G1 X23.75 Y209.275 F300
G1 X200.9 Y209.275 F300;svg > polyline
G0 X79.37 Y234.746
G1 X79.37 Y234.746 F300
G1 X79.37 Y216.275 F300;svg > polyline
G0 X23.908 Y234.746
G1 X23.908 Y234.746 F300
G1 X23.908 Y216.275 F300;svg > polyline
G0 X199.133 Y234.746
G1 X199.133 Y234.746 F300
G1 X199.133 Y216.275 F300;svg > polyline
G0 X200.419 Y234.746
G1 X200.419 Y234.746 F300
G1 X200.419 Y216.275 F300;svg > polyline
G0 X159.212 Y234.746
G1 X159.212 Y234.746 F300
G1 X159.212 Y216.275 F300;svg > polyline
G0 X119.291 Y234.746
G1 X119.291 Y234.746 F300
G1 X119.291 Y216.275 F300;svg > polyline
G0 X23.908 Y216.371
G1 X23.908 Y216.371 F300
G1 X23.908 Y209.179 F300;svg > polyline
G0 X199.133 Y216.371
G1 X199.133 Y216.371 F300
G1 X199.133 Y209.179 F300;svg > polyline
G0 X200.419 Y216.371
G1 X200.419 Y216.371 F300
G1 X200.419 Y209.179 F300;svg > polyline
G0 X159.212 Y216.371
G1 X159.212 Y216.371 F300
G1 X159.212 Y209.179 F300;svg > polyline
G0 X119.291 Y216.371
G1 X119.291 Y216.371 F300
G1 X119.291 Y209.179 F300;svg > polyline
G0 X79.37 Y216.371
G1 X79.37 Y216.371 F300
G1 X79.37 Y209.179 F300;svg > path
G0 X144.267 Y222.872
G1 X144.362 Y222.785 F300
G1 X144.467 Y222.704 F300
G1 X144.582 Y222.627 F300
G1 X144.705 Y222.556 F300
G1 X144.836 Y222.491 F300
G1 X144.975 Y222.43 F300
G1 X145.121 Y222.376 F300
G1 X145.273 Y222.326 F300
G1 X145.431 Y222.282 F300
G1 X145.594 Y222.243 F300
G1 X145.761 Y222.21 F300
G1 X145.931 Y222.182 F300
G1 X146.105 Y222.159 F300
G1 X146.281 Y222.142 F300
G1 X146.458 Y222.13 F300
G1 X146.637 Y222.124 F300
G1 X146.817 Y222.123 F300
G1 X146.996 Y222.127 F300
G1 X147.174 Y222.136 F300
G1 X147.351 Y222.151 F300
G1 X147.526 Y222.172 F300
G1 X147.698 Y222.197 F300
G1 X147.866 Y222.229 F300
G1 X148.031 Y222.265 F300
G1 X148.19 Y222.307 F300
G1 X148.345 Y222.354 F300
G1 X148.494 Y222.407 F300
G1 X148.635 Y222.464 F300
G1 X148.77 Y222.528 F300
G1 X148.897 Y222.596 F300
G1 X149.015 Y222.671 F300
G1 X149.124 Y222.75 F300
G1 X149.263 Y222.872 F300
G1 X149.173 Y222.75 F300
G1 X149.074 Y222.635 F300
G1 X148.967 Y222.527 F300
G1 X148.851 Y222.426 F300
G1 X148.729 Y222.332 F300
G1 X148.599 Y222.245 F300
G1 X148.463 Y222.166 F300
G1 X148.321 Y222.094 F300
G1 X148.174 Y222.028 F300
G1 X148.022 Y221.97 F300
G1 X147.866 Y221.919 F300
G1 X147.706 Y221.876 F300
G1 X147.543 Y221.839 F300
G1 X147.378 Y221.81 F300
G1 X147.21 Y221.787 F300
G1 X147.042 Y221.772 F300
G1 X146.872 Y221.764 F300
G1 X146.702 Y221.763 F300
G1 X146.532 Y221.769 F300
G1 X146.363 Y221.783 F300
G1 X146.195 Y221.803 F300
G1 X146.03 Y221.831 F300
G1 X145.866 Y221.865 F300
G1 X145.706 Y221.907 F300
G1 X145.548 Y221.956 F300
G1 X145.395 Y222.013 F300
G1 X145.247 Y222.076 F300
G1 X145.104 Y222.147 F300
G1 X144.966 Y222.224 F300
G1 X144.834 Y222.309 F300
G1 X144.71 Y222.401 F300
G1 X144.592 Y222.5 F300
G1 X144.483 Y222.606 F300
G1 X144.382 Y222.719 F300
G1 X144.267 Y222.872 F300;svg > path
G0 X130.904 Y222.872
G1 X131.022 Y222.785 F300
G1 X131.152 Y222.702 F300
G1 X131.291 Y222.624 F300
G1 X131.44 Y222.55 F300
G1 X131.598 Y222.48 F300
G1 X131.765 Y222.415 F300
G1 X131.939 Y222.354 F300
G1 X132.12 Y222.298 F300
G1 X132.309 Y222.246 F300
G1 X132.503 Y222.198 F300
G1 X132.703 Y222.155 F300
G1 X132.909 Y222.116 F300
G1 X133.119 Y222.082 F300
G1 X133.333 Y222.052 F300
G1 X133.55 Y222.026 F300
G1 X133.77 Y222.005 F300
G1 X133.993 Y221.989 F300
G1 X134.217 Y221.976 F300
G1 X134.443 Y221.968 F300
G1 X134.669 Y221.965 F300
G1 X134.896 Y221.966 F300
G1 X135.122 Y221.971 F300
G1 X135.347 Y221.981 F300
G1 X135.571 Y221.995 F300
G1 X135.793 Y222.013 F300
G1 X136.012 Y222.036 F300
G1 X136.228 Y222.063 F300
G1 X136.441 Y222.095 F300
G1 X136.649 Y222.131 F300
G1 X136.852 Y222.172 F300
G1 X137.05 Y222.217 F300
G1 X137.242 Y222.266 F300
G1 X137.428 Y222.32 F300
G1 X137.607 Y222.378 F300
G1 X137.778 Y222.44 F300
G1 X137.941 Y222.507 F300
G1 X138.095 Y222.579 F300
G1 X138.241 Y222.654 F300
G1 X138.376 Y222.735 F300
G1 X138.572 Y222.872 F300
G1 X138.457 Y222.749 F300
G1 X138.333 Y222.632 F300
G1 X138.199 Y222.521 F300
G1 X138.057 Y222.415 F300
G1 X137.905 Y222.316 F300
G1 X137.746 Y222.223 F300
G1 X137.58 Y222.136 F300
G1 X137.407 Y222.055 F300
G1 X137.227 Y221.979 F300
G1 X137.041 Y221.91 F300
G1 X136.85 Y221.847 F300
G1 X136.654 Y221.79 F300
G1 X136.453 Y221.738 F300
G1 X136.248 Y221.693 F300
G1 X136.04 Y221.654 F300
G1 X135.829 Y221.621 F300
G1 X135.616 Y221.593 F300
G1 X135.4 Y221.572 F300
G1 X135.183 Y221.557 F300
G1 X134.965 Y221.548 F300
G1 X134.746 Y221.545 F300
G1 X134.528 Y221.547 F300
G1 X134.31 Y221.556 F300
G1 X134.092 Y221.571 F300
G1 X133.877 Y221.592 F300
G1 X133.663 Y221.618 F300
G1 X133.452 Y221.651 F300
G1 X133.243 Y221.69 F300
G1 X133.038 Y221.735 F300
G1 X132.837 Y221.785 F300
G1 X132.641 Y221.842 F300
G1 X132.449 Y221.905 F300
G1 X132.263 Y221.974 F300
G1 X132.083 Y222.048 F300
G1 X131.909 Y222.129 F300
G1 X131.742 Y222.216 F300
G1 X131.582 Y222.309 F300
G1 X131.43 Y222.407 F300
G1 X131.287 Y222.512 F300
G1 X131.153 Y222.623 F300
G1 X131.028 Y222.74 F300
G1 X130.904 Y222.872 F300;svg > path
G0 X115.037 Y226.372
G1 X115.155 Y226.285 F300
G1 X115.283 Y226.203 F300
G1 X115.421 Y226.124 F300
G1 X115.568 Y226.051 F300
G1 X115.725 Y225.981 F300
G1 X115.89 Y225.916 F300
G1 X116.062 Y225.856 F300
G1 X116.242 Y225.8 F300
G1 X116.429 Y225.749 F300
G1 X116.622 Y225.701 F300
G1 X116.82 Y225.659 F300
G1 X117.024 Y225.621 F300
G1 X117.231 Y225.587 F300
G1 X117.443 Y225.558 F300
G1 X117.658 Y225.533 F300
G1 X117.877 Y225.512 F300
G1 X118.097 Y225.496 F300
G1 X118.319 Y225.485 F300
G1 X118.542 Y225.478 F300
G1 X118.766 Y225.475 F300
G1 X118.99 Y225.477 F300
G1 X119.213 Y225.483 F300
G1 X119.435 Y225.494 F300
G1 X119.656 Y225.509 F300
G1 X119.875 Y225.529 F300
G1 X120.09 Y225.553 F300
G1 X120.303 Y225.581 F300
G1 X120.511 Y225.614 F300
G1 X120.716 Y225.651 F300
G1 X120.915 Y225.693 F300
G1 X121.109 Y225.74 F300
G1 X121.297 Y225.79 F300
G1 X121.478 Y225.845 F300
G1 X121.652 Y225.905 F300
G1 X121.818 Y225.969 F300
G1 X121.976 Y226.038 F300
G1 X122.125 Y226.111 F300
G1 X122.265 Y226.188 F300
G1 X122.395 Y226.27 F300
G1 X122.535 Y226.372 F300
G1 X122.422 Y226.249 F300
G1 X122.299 Y226.132 F300
G1 X122.167 Y226.021 F300
G1 X122.026 Y225.915 F300
G1 X121.877 Y225.816 F300
G1 X121.719 Y225.723 F300
G1 X121.555 Y225.636 F300
G1 X121.383 Y225.555 F300
G1 X121.205 Y225.48 F300
G1 X121.021 Y225.412 F300
G1 X120.832 Y225.349 F300
G1 X120.638 Y225.292 F300
G1 X120.439 Y225.242 F300
G1 X120.237 Y225.197 F300
G1 X120.031 Y225.159 F300
G1 X119.823 Y225.126 F300
G1 X119.611 Y225.1 F300
G1 X119.398 Y225.08 F300
G1 X119.184 Y225.065 F300
G1 X118.969 Y225.057 F300
G1 X118.753 Y225.055 F300
G1 X118.537 Y225.059 F300
G1 X118.322 Y225.069 F300
G1 X118.108 Y225.085 F300
G1 X117.895 Y225.107 F300
G1 X117.685 Y225.136 F300
G1 X117.477 Y225.17 F300
G1 X117.272 Y225.21 F300
G1 X117.071 Y225.257 F300
G1 X116.874 Y225.309 F300
G1 X116.681 Y225.368 F300
G1 X116.494 Y225.432 F300
G1 X116.312 Y225.503 F300
G1 X116.136 Y225.58 F300
G1 X115.966 Y225.663 F300
G1 X115.804 Y225.751 F300
G1 X115.649 Y225.846 F300
G1 X115.502 Y225.947 F300
G1 X115.363 Y226.054 F300
G1 X115.234 Y226.168 F300
G1 X115.037 Y226.372 F300;svg > path
G0 X61.526 Y223.747
G1 X61.627 Y223.66 F300
G1 X61.738 Y223.578 F300
G1 X61.859 Y223.501 F300
G1 X61.989 Y223.429 F300
G1 X62.128 Y223.363 F300
G1 X62.274 Y223.301 F300
G1 X62.427 Y223.244 F300
G1 X62.587 Y223.193 F300
G1 X62.753 Y223.146 F300
G1 X62.924 Y223.105 F300
G1 X63.099 Y223.069 F300
G1 X63.279 Y223.038 F300
G1 X63.462 Y223.012 F300
G1 X63.649 Y222.991 F300
G1 X63.837 Y222.975 F300
G1 X64.027 Y222.964 F300
G1 X64.218 Y222.959 F300
G1 X64.409 Y222.958 F300
G1 X64.6 Y222.962 F300
G1 X64.791 Y222.972 F300
G1 X64.979 Y222.987 F300
G1 X65.166 Y223.007 F300
G1 X65.35 Y223.031 F300
G1 X65.531 Y223.061 F300
G1 X65.707 Y223.097 F300
G1 X65.88 Y223.137 F300
G1 X66.047 Y223.182 F300
G1 X66.208 Y223.232 F300
G1 X66.363 Y223.288 F300
G1 X66.51 Y223.348 F300
G1 X66.651 Y223.414 F300
G1 X66.782 Y223.485 F300
G1 X66.905 Y223.56 F300
G1 X67.019 Y223.641 F300
G1 X67.144 Y223.747 F300
G1 X67.048 Y223.624 F300
G1 X66.943 Y223.508 F300
G1 X66.829 Y223.399 F300
G1 X66.706 Y223.296 F300
G1 X66.576 Y223.201 F300
G1 X66.439 Y223.112 F300
G1 X66.295 Y223.03 F300
G1 X66.145 Y222.955 F300
G1 X65.989 Y222.887 F300
G1 X65.828 Y222.825 F300
G1 X65.663 Y222.771 F300
G1 X65.494 Y222.723 F300
G1 X65.321 Y222.682 F300
G1 X65.145 Y222.648 F300
G1 X64.967 Y222.621 F300
G1 X64.787 Y222.6 F300
G1 X64.606 Y222.586 F300
G1 X64.424 Y222.58 F300
G1 X64.242 Y222.58 F300
G1 X64.06 Y222.587 F300
G1 X63.878 Y222.601 F300
G1 X63.698 Y222.621 F300
G1 X63.52 Y222.649 F300
G1 X63.345 Y222.683 F300
G1 X63.172 Y222.724 F300
G1 X63.003 Y222.772 F300
G1 X62.838 Y222.827 F300
G1 X62.677 Y222.888 F300
G1 X62.522 Y222.957 F300
G1 X62.372 Y223.032 F300
G1 X62.228 Y223.114 F300
G1 X62.091 Y223.203 F300
G1 X61.961 Y223.299 F300
G1 X61.839 Y223.402 F300
G1 X61.725 Y223.511 F300
G1 X61.526 Y223.747 F300;svg > path
G0 X47.54 Y223.747
G1 X47.659 Y223.66 F300
G1 X47.788 Y223.577 F300
G1 X47.928 Y223.499 F300
G1 X48.077 Y223.425 F300
G1 X48.235 Y223.355 F300
G1 X48.401 Y223.29 F300
G1 X48.575 Y223.229 F300
G1 X48.757 Y223.173 F300
G1 X48.945 Y223.121 F300
G1 X49.14 Y223.073 F300
G1 X49.34 Y223.03 F300
G1 X49.545 Y222.991 F300
G1 X49.755 Y222.957 F300
G1 X49.969 Y222.927 F300
G1 X50.186 Y222.901 F300
G1 X50.407 Y222.88 F300
G1 X50.629 Y222.864 F300
G1 X50.854 Y222.851 F300
G1 X51.079 Y222.843 F300
G1 X51.306 Y222.84 F300
G1 X51.533 Y222.841 F300
G1 X51.759 Y222.846 F300
G1 X51.984 Y222.856 F300
G1 X52.208 Y222.87 F300
G1 X52.43 Y222.888 F300
G1 X52.649 Y222.911 F300
G1 X52.865 Y222.938 F300
G1 X53.077 Y222.97 F300
G1 X53.285 Y223.006 F300
G1 X53.489 Y223.047 F300
G1 X53.687 Y223.092 F300
G1 X53.879 Y223.141 F300
G1 X54.064 Y223.195 F300
G1 X54.243 Y223.253 F300
G1 X54.414 Y223.315 F300
G1 X54.577 Y223.382 F300
G1 X54.732 Y223.454 F300
G1 X54.877 Y223.529 F300
G1 X55.013 Y223.61 F300
G1 X55.208 Y223.747 F300
G1 X55.094 Y223.624 F300
G1 X54.97 Y223.507 F300
G1 X54.836 Y223.396 F300
G1 X54.693 Y223.29 F300
G1 X54.542 Y223.191 F300
G1 X54.383 Y223.098 F300
G1 X54.217 Y223.011 F300
G1 X54.043 Y222.93 F300
G1 X53.863 Y222.854 F300
G1 X53.678 Y222.785 F300
G1 X53.486 Y222.722 F300
G1 X53.29 Y222.665 F300
G1 X53.09 Y222.613 F300
G1 X52.885 Y222.568 F300
G1 X52.677 Y222.529 F300
G1 X52.466 Y222.496 F300
G1 X52.252 Y222.468 F300
G1 X52.037 Y222.447 F300
G1 X51.82 Y222.432 F300
G1 X51.602 Y222.423 F300
G1 X51.383 Y222.42 F300
G1 X51.164 Y222.422 F300
G1 X50.946 Y222.431 F300
G1 X50.729 Y222.446 F300
G1 X50.513 Y222.467 F300
G1 X50.3 Y222.493 F300
G1 X50.088 Y222.526 F300
G1 X49.88 Y222.565 F300
G1 X49.675 Y222.61 F300
G1 X49.474 Y222.66 F300
G1 X49.278 Y222.717 F300
G1 X49.086 Y222.78 F300
G1 X48.9 Y222.849 F300
G1 X48.719 Y222.923 F300
G1 X48.545 Y223.004 F300
G1 X48.378 Y223.091 F300
G1 X48.219 Y223.184 F300
G1 X48.067 Y223.282 F300
G1 X47.924 Y223.387 F300
G1 X47.789 Y223.498 F300
G1 X47.664 Y223.615 F300
G1 X47.54 Y223.747 F300;svg > path
G0 X144.467 Y215.803
G1 X144.556 Y215.929 F300
G1 X144.654 Y216.049 F300
G1 X144.76 Y216.161 F300
G1 X144.874 Y216.266 F300
G1 X144.996 Y216.363 F300
G1 X145.124 Y216.453 F300
G1 X145.259 Y216.536 F300
G1 X145.4 Y216.611 F300
G1 X145.545 Y216.679 F300
G1 X145.696 Y216.74 F300
G1 X145.85 Y216.793 F300
G1 X146.009 Y216.839 F300
G1 X146.17 Y216.878 F300
G1 X146.334 Y216.909 F300
G1 X146.499 Y216.933 F300
G1 X146.667 Y216.95 F300
G1 X146.835 Y216.959 F300
G1 X147.004 Y216.961 F300
G1 X147.172 Y216.956 F300
G1 X147.34 Y216.943 F300
G1 X147.507 Y216.923 F300
G1 X147.672 Y216.895 F300
G1 X147.834 Y216.861 F300
G1 X147.994 Y216.819 F300
G1 X148.151 Y216.769 F300
G1 X148.303 Y216.713 F300
G1 X148.452 Y216.648 F300
G1 X148.595 Y216.577 F300
G1 X148.733 Y216.498 F300
G1 X148.865 Y216.412 F300
G1 X148.99 Y216.319 F300
G1 X149.108 Y216.218 F300
G1 X149.219 Y216.11 F300
G1 X149.322 Y215.994 F300
G1 X149.462 Y215.803 F300
G1 X149.368 Y215.895 F300
G1 X149.264 Y215.981 F300
G1 X149.15 Y216.062 F300
G1 X149.028 Y216.137 F300
G1 X148.898 Y216.207 F300
G1 X148.76 Y216.271 F300
G1 X148.615 Y216.329 F300
G1 X148.465 Y216.382 F300
G1 X148.308 Y216.429 F300
G1 X148.147 Y216.47 F300
G1 X147.981 Y216.506 F300
G1 X147.812 Y216.536 F300
G1 X147.64 Y216.56 F300
G1 X147.465 Y216.579 F300
G1 X147.289 Y216.592 F300
G1 X147.111 Y216.599 F300
G1 X146.933 Y216.601 F300
G1 X146.755 Y216.597 F300
G1 X146.578 Y216.588 F300
G1 X146.402 Y216.573 F300
G1 X146.228 Y216.552 F300
G1 X146.057 Y216.526 F300
G1 X145.889 Y216.494 F300
G1 X145.725 Y216.456 F300
G1 X145.565 Y216.413 F300
G1 X145.411 Y216.364 F300
G1 X145.262 Y216.309 F300
G1 X145.12 Y216.249 F300
G1 X144.985 Y216.183 F300
G1 X144.857 Y216.111 F300
G1 X144.738 Y216.034 F300
G1 X144.627 Y215.951 F300
G1 X144.467 Y215.803 F300;svg > path
G0 X61.726 Y216.678
G1 X61.822 Y216.801 F300
G1 X61.927 Y216.917 F300
G1 X62.041 Y217.026 F300
G1 X62.163 Y217.129 F300
G1 X62.294 Y217.224 F300
G1 X62.431 Y217.313 F300
G1 X62.575 Y217.395 F300
G1 X62.725 Y217.47 F300
G1 X62.881 Y217.538 F300
G1 X63.041 Y217.6 F300
G1 X63.207 Y217.654 F300
G1 X63.376 Y217.702 F300
G1 X63.549 Y217.743 F300
G1 X63.724 Y217.777 F300
G1 X63.902 Y217.804 F300
G1 X64.082 Y217.825 F300
G1 X64.264 Y217.838 F300
G1 X64.446 Y217.845 F300
G1 X64.628 Y217.845 F300
G1 X64.81 Y217.838 F300
G1 X64.991 Y217.824 F300
G1 X65.171 Y217.804 F300
G1 X65.349 Y217.776 F300
G1 X65.525 Y217.742 F300
G1 X65.697 Y217.701 F300
G1 X65.866 Y217.653 F300
G1 X66.032 Y217.598 F300
G1 X66.192 Y217.537 F300
G1 X66.348 Y217.468 F300
G1 X66.498 Y217.393 F300
G1 X66.642 Y217.311 F300
G1 X66.779 Y217.222 F300
G1 X66.909 Y217.126 F300
G1 X67.031 Y217.024 F300
G1 X67.145 Y216.914 F300
G1 X67.343 Y216.678 F300
G1 X67.242 Y216.765 F300
G1 X67.131 Y216.847 F300
G1 X67.01 Y216.924 F300
G1 X66.88 Y216.996 F300
G1 X66.742 Y217.062 F300
G1 X66.596 Y217.124 F300
G1 X66.443 Y217.181 F300
G1 X66.283 Y217.232 F300
G1 X66.117 Y217.279 F300
G1 X65.946 Y217.32 F300
G1 X65.77 Y217.356 F300
G1 X65.591 Y217.387 F300
G1 X65.407 Y217.413 F300
G1 X65.221 Y217.434 F300
G1 X65.033 Y217.45 F300
G1 X64.843 Y217.461 F300
G1 X64.652 Y217.466 F300
G1 X64.46 Y217.467 F300
G1 X64.269 Y217.463 F300
G1 X64.079 Y217.453 F300
G1 X63.89 Y217.438 F300
G1 X63.704 Y217.418 F300
G1 X63.52 Y217.394 F300
G1 X63.339 Y217.364 F300
G1 X63.162 Y217.329 F300
G1 X62.99 Y217.288 F300
G1 X62.823 Y217.243 F300
G1 X62.662 Y217.193 F300
G1 X62.507 Y217.137 F300
G1 X62.359 Y217.077 F300
G1 X62.219 Y217.011 F300
G1 X62.087 Y216.94 F300
G1 X61.964 Y216.865 F300
G1 X61.851 Y216.784 F300
G1 X61.726 Y216.678 F300;svg > path
G0 X131.103 Y215.803
G1 X131.218 Y215.926 F300
G1 X131.342 Y216.044 F300
G1 X131.476 Y216.155 F300
G1 X131.618 Y216.261 F300
G1 X131.769 Y216.36 F300
G1 X131.928 Y216.453 F300
G1 X132.094 Y216.541 F300
G1 X132.268 Y216.622 F300
G1 X132.447 Y216.698 F300
G1 X132.633 Y216.767 F300
G1 X132.824 Y216.831 F300
G1 X133.02 Y216.888 F300
G1 X133.221 Y216.939 F300
G1 X133.425 Y216.985 F300
G1 X133.633 Y217.024 F300
G1 X133.844 Y217.057 F300
G1 X134.058 Y217.085 F300
G1 X134.273 Y217.106 F300
G1 X134.49 Y217.121 F300
G1 X134.708 Y217.131 F300
G1 X134.927 Y217.134 F300
G1 X135.145 Y217.131 F300
G1 X135.363 Y217.122 F300
G1 X135.58 Y217.108 F300
G1 X135.796 Y217.087 F300
G1 X136.01 Y217.06 F300
G1 X136.221 Y217.027 F300
G1 X136.429 Y216.989 F300
G1 X136.634 Y216.944 F300
G1 X136.835 Y216.893 F300
G1 X137.032 Y216.836 F300
G1 X137.223 Y216.773 F300
G1 X137.409 Y216.705 F300
G1 X137.59 Y216.63 F300
G1 X137.764 Y216.549 F300
G1 X137.931 Y216.462 F300
G1 X138.09 Y216.369 F300
G1 X138.242 Y216.27 F300
G1 X138.386 Y216.165 F300
G1 X138.52 Y216.054 F300
G1 X138.645 Y215.938 F300
G1 X138.771 Y215.803 F300
G1 X138.652 Y215.89 F300
G1 X138.523 Y215.973 F300
G1 X138.384 Y216.052 F300
G1 X138.235 Y216.126 F300
G1 X138.077 Y216.196 F300
G1 X137.911 Y216.262 F300
G1 X137.736 Y216.323 F300
G1 X137.555 Y216.379 F300
G1 X137.367 Y216.431 F300
G1 X137.172 Y216.479 F300
G1 X136.972 Y216.522 F300
G1 X136.767 Y216.561 F300
G1 X136.557 Y216.596 F300
G1 X136.343 Y216.626 F300
G1 X136.126 Y216.652 F300
G1 X135.906 Y216.673 F300
G1 X135.683 Y216.69 F300
G1 X135.459 Y216.702 F300
G1 X135.233 Y216.71 F300
G1 X135.007 Y216.714 F300
G1 X134.78 Y216.713 F300
G1 X134.554 Y216.708 F300
G1 X134.329 Y216.698 F300
G1 X134.105 Y216.684 F300
G1 X133.884 Y216.665 F300
G1 X133.665 Y216.642 F300
G1 X133.449 Y216.615 F300
G1 X133.236 Y216.583 F300
G1 X133.028 Y216.547 F300
G1 X132.825 Y216.506 F300
G1 X132.627 Y216.461 F300
G1 X132.435 Y216.412 F300
G1 X132.249 Y216.358 F300
G1 X132.07 Y216.3 F300
G1 X131.899 Y216.237 F300
G1 X131.736 Y216.17 F300
G1 X131.581 Y216.098 F300
G1 X131.436 Y216.022 F300
G1 X131.3 Y215.942 F300
G1 X131.103 Y215.803 F300;svg > path
G0 X171.024 Y219.303
G1 X171.138 Y219.426 F300
G1 X171.263 Y219.543 F300
G1 X171.396 Y219.654 F300
G1 X171.539 Y219.759 F300
G1 X171.69 Y219.859 F300
G1 X171.849 Y219.952 F300
G1 X172.016 Y220.039 F300
G1 X172.189 Y220.12 F300
G1 X172.369 Y220.196 F300
G1 X172.555 Y220.265 F300
G1 X172.746 Y220.328 F300
G1 X172.942 Y220.385 F300
G1 X173.143 Y220.437 F300
G1 X173.347 Y220.482 F300
G1 X173.555 Y220.521 F300
G1 X173.766 Y220.554 F300
G1 X173.98 Y220.582 F300
G1 X174.196 Y220.603 F300
G1 X174.413 Y220.618 F300
G1 X174.631 Y220.627 F300
G1 X174.849 Y220.63 F300
G1 X175.068 Y220.628 F300
G1 X175.286 Y220.619 F300
G1 X175.503 Y220.604 F300
G1 X175.719 Y220.583 F300
G1 X175.933 Y220.557 F300
G1 X176.144 Y220.524 F300
G1 X176.352 Y220.485 F300
G1 X176.557 Y220.44 F300
G1 X176.758 Y220.39 F300
G1 X176.955 Y220.333 F300
G1 X177.146 Y220.27 F300
G1 X177.333 Y220.201 F300
G1 X177.513 Y220.127 F300
G1 X177.687 Y220.046 F300
G1 X177.854 Y219.959 F300
G1 X178.013 Y219.866 F300
G1 X178.165 Y219.768 F300
G1 X178.309 Y219.663 F300
G1 X178.443 Y219.552 F300
G1 X178.568 Y219.435 F300
G1 X178.692 Y219.303 F300
G1 X178.573 Y219.39 F300
G1 X178.444 Y219.473 F300
G1 X178.304 Y219.551 F300
G1 X178.155 Y219.625 F300
G1 X177.998 Y219.695 F300
G1 X177.831 Y219.76 F300
G1 X177.657 Y219.821 F300
G1 X177.475 Y219.877 F300
G1 X177.287 Y219.929 F300
G1 X177.093 Y219.977 F300
G1 X176.892 Y220.02 F300
G1 X176.687 Y220.059 F300
G1 X176.477 Y220.093 F300
G1 X176.263 Y220.123 F300
G1 X176.046 Y220.149 F300
G1 X175.826 Y220.17 F300
G1 X175.603 Y220.186 F300
G1 X175.379 Y220.199 F300
G1 X175.153 Y220.207 F300
G1 X174.926 Y220.21 F300
G1 X174.7 Y220.209 F300
G1 X174.474 Y220.204 F300
G1 X174.248 Y220.194 F300
G1 X174.025 Y220.18 F300
G1 X173.803 Y220.162 F300
G1 X173.584 Y220.139 F300
G1 X173.368 Y220.112 F300
G1 X173.155 Y220.08 F300
G1 X172.947 Y220.044 F300
G1 X172.744 Y220.003 F300
G1 X172.546 Y219.958 F300
G1 X172.354 Y219.909 F300
G1 X172.168 Y219.855 F300
G1 X171.989 Y219.797 F300
G1 X171.818 Y219.735 F300
G1 X171.655 Y219.668 F300
G1 X171.5 Y219.596 F300
G1 X171.355 Y219.52 F300
G1 X171.22 Y219.44 F300
G1 X171.024 Y219.303 F300;svg > path
G0 X184.388 Y219.303
G1 X184.477 Y219.425 F300
G1 X184.576 Y219.54 F300
G1 X184.684 Y219.648 F300
G1 X184.799 Y219.749 F300
G1 X184.922 Y219.843 F300
G1 X185.052 Y219.929 F300
G1 X185.188 Y220.009 F300
G1 X185.33 Y220.081 F300
G1 X185.477 Y220.147 F300
G1 X185.629 Y220.205 F300
G1 X185.785 Y220.256 F300
G1 X185.945 Y220.299 F300
G1 X186.107 Y220.336 F300
G1 X186.273 Y220.365 F300
G1 X186.44 Y220.388 F300
G1 X186.609 Y220.403 F300
G1 X186.778 Y220.411 F300
G1 X186.948 Y220.412 F300
G1 X187.118 Y220.406 F300
G1 X187.287 Y220.392 F300
G1 X187.455 Y220.372 F300
G1 X187.621 Y220.344 F300
G1 X187.784 Y220.31 F300
G1 X187.945 Y220.268 F300
G1 X188.102 Y220.219 F300
G1 X188.255 Y220.162 F300
G1 X188.403 Y220.099 F300
G1 X188.547 Y220.028 F300
G1 X188.684 Y219.951 F300
G1 X188.816 Y219.866 F300
G1 X188.94 Y219.774 F300
G1 X189.058 Y219.675 F300
G1 X189.167 Y219.569 F300
G1 X189.268 Y219.456 F300
G1 X189.383 Y219.303 F300
G1 X189.288 Y219.39 F300
G1 X189.183 Y219.471 F300
G1 X189.069 Y219.548 F300
G1 X188.945 Y219.619 F300
G1 X188.814 Y219.684 F300
G1 X188.675 Y219.744 F300
G1 X188.529 Y219.799 F300
G1 X188.377 Y219.849 F300
G1 X188.219 Y219.893 F300
G1 X188.057 Y219.932 F300
G1 X187.89 Y219.965 F300
G1 X187.719 Y219.993 F300
G1 X187.546 Y220.016 F300
G1 X187.37 Y220.033 F300
G1 X187.192 Y220.045 F300
G1 X187.013 Y220.051 F300
G1 X186.834 Y220.052 F300
G1 X186.655 Y220.048 F300
G1 X186.476 Y220.039 F300
G1 X186.3 Y220.024 F300
G1 X186.125 Y220.003 F300
G1 X185.953 Y219.978 F300
G1 X185.784 Y219.946 F300
G1 X185.62 Y219.91 F300
G1 X185.46 Y219.868 F300
G1 X185.305 Y219.821 F300
G1 X185.157 Y219.768 F300
G1 X185.015 Y219.71 F300
G1 X184.88 Y219.647 F300
G1 X184.753 Y219.578 F300
G1 X184.635 Y219.504 F300
G1 X184.526 Y219.425 F300
G1 X184.388 Y219.303 F300;svg > path
G0 X104.546 Y220.178
G1 X104.636 Y220.3 F300
G1 X104.735 Y220.415 F300
G1 X104.842 Y220.523 F300
G1 X104.957 Y220.624 F300
G1 X105.08 Y220.718 F300
G1 X105.21 Y220.805 F300
G1 X105.346 Y220.884 F300
G1 X105.488 Y220.956 F300
G1 X105.635 Y221.022 F300
G1 X105.787 Y221.08 F300
G1 X105.943 Y221.131 F300
G1 X106.103 Y221.174 F300
G1 X106.266 Y221.211 F300
G1 X106.431 Y221.24 F300
G1 X106.598 Y221.263 F300
G1 X106.767 Y221.278 F300
G1 X106.937 Y221.286 F300
G1 X107.107 Y221.287 F300
G1 X107.276 Y221.281 F300
G1 X107.445 Y221.267 F300
G1 X107.613 Y221.247 F300
G1 X107.779 Y221.219 F300
G1 X107.942 Y221.185 F300
G1 X108.103 Y221.143 F300
G1 X108.26 Y221.094 F300
G1 X108.413 Y221.037 F300
G1 X108.562 Y220.974 F300
G1 X108.705 Y220.904 F300
G1 X108.843 Y220.826 F300
G1 X108.974 Y220.741 F300
G1 X109.099 Y220.649 F300
G1 X109.216 Y220.55 F300
G1 X109.326 Y220.444 F300
G1 X109.427 Y220.331 F300
G1 X109.541 Y220.178 F300
G1 X109.446 Y220.265 F300
G1 X109.341 Y220.346 F300
G1 X109.227 Y220.423 F300
G1 X109.104 Y220.494 F300
G1 X108.972 Y220.559 F300
G1 X108.833 Y220.619 F300
G1 X108.687 Y220.674 F300
G1 X108.535 Y220.724 F300
G1 X108.378 Y220.768 F300
G1 X108.215 Y220.807 F300
G1 X108.048 Y220.84 F300
G1 X107.878 Y220.868 F300
G1 X107.704 Y220.891 F300
G1 X107.528 Y220.908 F300
G1 X107.35 Y220.92 F300
G1 X107.171 Y220.926 F300
G1 X106.992 Y220.927 F300
G1 X106.813 Y220.923 F300
G1 X106.635 Y220.914 F300
G1 X106.458 Y220.899 F300
G1 X106.283 Y220.878 F300
G1 X106.111 Y220.853 F300
G1 X105.943 Y220.821 F300
G1 X105.778 Y220.785 F300
G1 X105.618 Y220.743 F300
G1 X105.464 Y220.696 F300
G1 X105.315 Y220.643 F300
G1 X105.173 Y220.586 F300
G1 X105.039 Y220.522 F300
G1 X104.912 Y220.454 F300
G1 X104.793 Y220.379 F300
G1 X104.684 Y220.3 F300
G1 X104.546 Y220.178 F300;svg > path
G0 X91.182 Y220.178
G1 X91.297 Y220.301 F300
G1 X91.421 Y220.418 F300
G1 X91.555 Y220.529 F300
G1 X91.697 Y220.634 F300
G1 X91.849 Y220.734 F300
G1 X92.008 Y220.827 F300
G1 X92.174 Y220.914 F300
G1 X92.347 Y220.995 F300
G1 X92.527 Y221.071 F300
G1 X92.713 Y221.14 F300
G1 X92.904 Y221.203 F300
G1 X93.1 Y221.26 F300
G1 X93.301 Y221.312 F300
G1 X93.506 Y221.357 F300
G1 X93.714 Y221.396 F300
G1 X93.925 Y221.429 F300
G1 X94.138 Y221.457 F300
G1 X94.354 Y221.478 F300
G1 X94.571 Y221.493 F300
G1 X94.789 Y221.502 F300
G1 X95.008 Y221.506 F300
G1 X95.226 Y221.503 F300
G1 X95.444 Y221.494 F300
G1 X95.661 Y221.479 F300
G1 X95.877 Y221.458 F300
G1 X96.091 Y221.432 F300
G1 X96.302 Y221.399 F300
G1 X96.511 Y221.36 F300
G1 X96.715 Y221.315 F300
G1 X96.916 Y221.265 F300
G1 X97.113 Y221.208 F300
G1 X97.305 Y221.145 F300
G1 X97.491 Y221.076 F300
G1 X97.671 Y221.002 F300
G1 X97.845 Y220.921 F300
G1 X98.012 Y220.834 F300
G1 X98.172 Y220.741 F300
G1 X98.323 Y220.643 F300
G1 X98.467 Y220.538 F300
G1 X98.601 Y220.427 F300
G1 X98.726 Y220.31 F300
G1 X98.85 Y220.178 F300
G1 X98.732 Y220.265 F300
G1 X98.602 Y220.348 F300
G1 X98.463 Y220.426 F300
G1 X98.314 Y220.5 F300
G1 X98.156 Y220.57 F300
G1 X97.989 Y220.635 F300
G1 X97.815 Y220.696 F300
G1 X97.634 Y220.752 F300
G1 X97.445 Y220.804 F300
G1 X97.251 Y220.852 F300
G1 X97.051 Y220.895 F300
G1 X96.845 Y220.934 F300
G1 X96.635 Y220.968 F300
G1 X96.422 Y220.998 F300
G1 X96.204 Y221.024 F300
G1 X95.984 Y221.045 F300
G1 X95.761 Y221.061 F300
G1 X95.537 Y221.074 F300
G1 X95.311 Y221.082 F300
G1 X95.085 Y221.085 F300
G1 X94.858 Y221.084 F300
G1 X94.632 Y221.079 F300
G1 X94.407 Y221.069 F300
G1 X94.183 Y221.055 F300
G1 X93.961 Y221.037 F300
G1 X93.742 Y221.014 F300
G1 X93.526 Y220.987 F300
G1 X93.314 Y220.955 F300
G1 X93.105 Y220.919 F300
G1 X92.902 Y220.878 F300
G1 X92.704 Y220.833 F300
G1 X92.512 Y220.784 F300
G1 X92.326 Y220.73 F300
G1 X92.147 Y220.672 F300
G1 X91.976 Y220.61 F300
G1 X91.813 Y220.543 F300
G1 X91.659 Y220.471 F300
G1 X91.513 Y220.396 F300
G1 X91.378 Y220.315 F300
G1 X91.182 Y220.178 F300;svg > path
G0 X47.74 Y216.678
G1 X47.854 Y216.801 F300
G1 X47.979 Y216.918 F300
G1 X48.112 Y217.029 F300
G1 X48.255 Y217.135 F300
G1 X48.406 Y217.234 F300
G1 X48.565 Y217.327 F300
G1 X48.731 Y217.414 F300
G1 X48.905 Y217.495 F300
G1 X49.085 Y217.571 F300
G1 X49.27 Y217.64 F300
G1 X49.462 Y217.703 F300
G1 X49.658 Y217.76 F300
G1 X49.858 Y217.812 F300
G1 X50.063 Y217.857 F300
G1 X50.271 Y217.896 F300
G1 X50.482 Y217.929 F300
G1 X50.696 Y217.956 F300
G1 X50.911 Y217.978 F300
G1 X51.128 Y217.993 F300
G1 X51.346 Y218.002 F300
G1 X51.565 Y218.005 F300
G1 X51.783 Y218.003 F300
G1 X52.002 Y217.994 F300
G1 X52.219 Y217.979 F300
G1 X52.434 Y217.958 F300
G1 X52.648 Y217.932 F300
G1 X52.859 Y217.899 F300
G1 X53.068 Y217.86 F300
G1 X53.273 Y217.815 F300
G1 X53.474 Y217.765 F300
G1 X53.67 Y217.708 F300
G1 X53.862 Y217.645 F300
G1 X54.048 Y217.576 F300
G1 X54.228 Y217.502 F300
G1 X54.402 Y217.421 F300
G1 X54.569 Y217.334 F300
G1 X54.729 Y217.242 F300
G1 X54.881 Y217.143 F300
G1 X55.024 Y217.038 F300
G1 X55.159 Y216.927 F300
G1 X55.284 Y216.811 F300
G1 X55.408 Y216.678 F300
G1 X55.289 Y216.765 F300
G1 X55.16 Y216.848 F300
G1 X55.02 Y216.926 F300
G1 X54.871 Y217 F300
G1 X54.713 Y217.07 F300
G1 X54.547 Y217.135 F300
G1 X54.373 Y217.196 F300
G1 X54.191 Y217.252 F300
G1 X54.003 Y217.304 F300
G1 X53.808 Y217.352 F300
G1 X53.608 Y217.395 F300
G1 X53.403 Y217.434 F300
G1 X53.193 Y217.468 F300
G1 X52.979 Y217.498 F300
G1 X52.762 Y217.524 F300
G1 X52.542 Y217.545 F300
G1 X52.319 Y217.562 F300
G1 X52.095 Y217.574 F300
G1 X51.869 Y217.582 F300
G1 X51.642 Y217.585 F300
G1 X51.416 Y217.584 F300
G1 X51.19 Y217.579 F300
G1 X50.964 Y217.57 F300
G1 X50.741 Y217.555 F300
G1 X50.519 Y217.537 F300
G1 X50.3 Y217.514 F300
G1 X50.084 Y217.487 F300
G1 X49.871 Y217.455 F300
G1 X49.663 Y217.419 F300
G1 X49.46 Y217.378 F300
G1 X49.262 Y217.334 F300
G1 X49.07 Y217.284 F300
G1 X48.884 Y217.23 F300
G1 X48.705 Y217.172 F300
G1 X48.534 Y217.11 F300
G1 X48.371 Y217.043 F300
G1 X48.217 Y216.972 F300
G1 X48.071 Y216.896 F300
G1 X47.936 Y216.816 F300
G1 X47.74 Y216.678 F300;svg > path
G0 X168.641 Y216.555
G1 X168.637 Y216.441 F300
G1 X168.624 Y216.333 F300
G1 X168.603 Y216.232 F300
G1 X168.575 Y216.138 F300
G1 X168.539 Y216.048 F300
G1 X168.496 Y215.964 F300
G1 X168.447 Y215.884 F300
G1 X168.391 Y215.807 F300
G1 X168.33 Y215.733 F300
G1 X168.263 Y215.661 F300
G1 X168.191 Y215.591 F300
G1 X168.114 Y215.522 F300
G1 X168.033 Y215.454 F300
G1 X167.948 Y215.385 F300
G1 X167.969 Y216.751 F300
G1 X167.974 Y216.77 F300
G1 X167.983 Y216.793 F300
G1 X167.997 Y216.82 F300
G1 X168.016 Y216.848 F300
G1 X168.04 Y216.878 F300
G1 X168.068 Y216.908 F300
G1 X168.103 Y216.937 F300
G1 X168.143 Y216.963 F300
G1 X168.189 Y216.985 F300
G1 X168.242 Y217.002 F300
G1 X168.301 Y217.014 F300
G1 X168.368 Y217.018 F300
G1 X168.422 Y217.014 F300
G1 X168.469 Y217.002 F300
G1 X168.508 Y216.984 F300
G1 X168.541 Y216.96 F300
G1 X168.568 Y216.931 F300
G1 X168.59 Y216.898 F300
G1 X168.607 Y216.862 F300
G1 X168.62 Y216.824 F300
G1 X168.629 Y216.784 F300
G1 X168.635 Y216.745 F300
G1 X168.639 Y216.706 F300
G1 X168.641 Y216.668 F300
G1 X168.641 Y216.632 F300
G1 X168.641 Y216.555 F300
G0 X168.557 Y217.361
G1 X168.472 Y217.357 F300
G1 X168.394 Y217.345 F300
G1 X168.322 Y217.326 F300
G1 X168.256 Y217.303 F300
G1 X168.197 Y217.276 F300
G1 X168.144 Y217.247 F300
G1 X168.098 Y217.217 F300
G1 X168.059 Y217.188 F300
G1 X168.026 Y217.16 F300
G1 X168 Y217.135 F300
G1 X167.981 Y217.116 F300
G1 X167.969 Y217.102 F300
G1 X167.996 Y219.351 F300
G1 X167.992 Y219.382 F300
G1 X167.978 Y219.409 F300
G1 X167.957 Y219.43 F300
G1 X167.93 Y219.444 F300
G1 X167.898 Y219.449 F300
G1 X167.814 Y219.449 F300
G1 X167.783 Y219.444 F300
G1 X167.756 Y219.43 F300
G1 X167.735 Y219.409 F300
G1 X167.721 Y219.382 F300
G1 X167.716 Y219.351 F300
G1 X167.751 Y215.14 F300
G1 X167.756 Y215.108 F300
G1 X167.77 Y215.081 F300
G1 X167.791 Y215.06 F300
G1 X167.818 Y215.047 F300
G1 X167.849 Y215.042 F300
G1 X167.867 Y215.044 F300
G1 X167.888 Y215.049 F300
G1 X167.905 Y215.056 F300
G1 X168.006 Y215.109 F300
G1 X168.106 Y215.166 F300
G1 X168.206 Y215.229 F300
G1 X168.304 Y215.296 F300
G1 X168.4 Y215.368 F300
G1 X168.493 Y215.444 F300
G1 X168.582 Y215.524 F300
G1 X168.668 Y215.609 F300
G1 X168.748 Y215.697 F300
G1 X168.823 Y215.789 F300
G1 X168.891 Y215.886 F300
G1 X168.953 Y215.985 F300
G1 X169.007 Y216.089 F300
G1 X169.052 Y216.195 F300
G1 X169.089 Y216.305 F300
G1 X169.116 Y216.418 F300
G1 X169.133 Y216.534 F300
G1 X169.139 Y216.653 F300
G1 X169.136 Y216.726 F300
G1 X169.129 Y216.797 F300
G1 X169.118 Y216.867 F300
G1 X169.101 Y216.934 F300
G1 X169.08 Y216.999 F300
G1 X169.053 Y217.06 F300
G1 X169.021 Y217.117 F300
G1 X168.983 Y217.169 F300
G1 X168.94 Y217.217 F300
G1 X168.891 Y217.258 F300
G1 X168.837 Y217.294 F300
G1 X168.776 Y217.322 F300
G1 X168.709 Y217.343 F300
G1 X168.636 Y217.356 F300
G1 X168.557 Y217.361 F300;svg > polyline
G0 X147.786 Y225.9
G1 X147.786 Y225.9 F300
G1 X151.216 Y225.9 F300;svg > polyline
G0 X137.095 Y225.9
G1 X137.095 Y225.9 F300
G1 X140.525 Y225.9 F300;svg > polyline
G0 X153.131 Y225.9
G1 X153.131 Y225.9 F300
G1 X156.562 Y225.9 F300;svg > polyline
G0 X153.131 Y224.15
G1 X153.131 Y224.15 F300
G1 X156.562 Y224.15 F300;svg > polyline
G0 X45.713 Y225.9
G1 X45.713 Y225.9 F300
G1 X51.243 Y225.9 F300;svg > polyline
G0 X142.44 Y224.15
G1 X142.44 Y224.15 F300
G1 X145.871 Y224.15 F300;svg > polyline
G0 X65.667 Y225.9
G1 X65.667 Y225.9 F300
G1 X71.197 Y225.9 F300;svg > polyline
G0 X129.077 Y225.9
G1 X129.077 Y225.9 F300
G1 X132.507 Y225.9 F300;svg > polyline
G0 X142.44 Y225.9
G1 X142.44 Y225.9 F300
G1 X145.871 Y225.9 F300;svg > polyline
G0 X129.077 Y224.15
G1 X129.077 Y224.15 F300
G1 X132.507 Y224.15 F300;svg > polyline
G0 X59.699 Y225.9
G1 X59.699 Y225.9 F300
G1 X65.23 Y225.9 F300;svg > polyline
G0 X53.731 Y225.9
G1 X53.731 Y225.9 F300
G1 X59.262 Y225.9 F300;svg > polyline
G0 X147.786 Y224.15
G1 X147.786 Y224.15 F300
G1 X151.216 Y224.15 F300;svg > polyline
G0 X71.635 Y225.9
G1 X71.635 Y225.9 F300
G1 X77.165 Y225.9 F300;svg > polyline
G0 X137.095 Y224.15
G1 X137.095 Y224.15 F300
G1 X140.525 Y224.15 F300;svg > polyline
G0 X113.21 Y218.025
G1 X113.21 Y218.025 F300
G1 X116.641 Y218.025 F300;svg > polyline
G0 X187.707 Y218.025
G1 X187.707 Y218.025 F300
G1 X191.137 Y218.025 F300;svg > polyline
G0 X182.361 Y218.025
G1 X182.361 Y218.025 F300
G1 X185.791 Y218.025 F300;svg > polyline
G0 X102.519 Y218.025
G1 X102.519 Y218.025 F300
G1 X105.95 Y218.025 F300;svg > polyline
G0 X193.052 Y218.025
G1 X193.052 Y218.025 F300
G1 X196.482 Y218.025 F300;svg > polyline
G0 X97.174 Y218.025
G1 X97.174 Y218.025 F300
G1 X100.604 Y218.025 F300;svg > polyline
G0 X107.865 Y218.025
G1 X107.865 Y218.025 F300
G1 X111.295 Y218.025 F300;svg > polyline
G0 X177.016 Y218.025
G1 X177.016 Y218.025 F300
G1 X180.446 Y218.025 F300;svg > polyline
G0 X168.997 Y218.025
G1 X168.997 Y218.025 F300
G1 X172.428 Y218.025 F300;svg > polyline
G0 X89.156 Y218.025
G1 X89.156 Y218.025 F300
G1 X92.586 Y218.025 F300;svg > polyline
G0 X195.817 Y227.93
G1 X195.817 Y227.93 F300
G1 X195.817 Y234.22 F300;svg > polyline
G0 X91.921 Y229.68
G1 X91.921 Y229.68 F300
G1 X91.921 Y235.525 F300;svg > polyline
G0 X171.762 Y229.68
G1 X171.762 Y229.68 F300
G1 X171.762 Y235.525 F300;svg > polyline
G0 X145.205 Y224.43
G1 X145.205 Y224.43 F300
G1 X145.205 Y232.9 F300;svg > polyline
G0 X115.975 Y227.93
G1 X115.975 Y227.93 F300
G1 X115.975 Y234.22 F300;svg > polyline
G0 X139.86 Y224.43
G1 X139.86 Y224.43 F300
G1 X139.86 Y232.9 F300;svg > polyline
G0 X68.432 Y225.305
G1 X68.432 Y225.305 F300
G1 X68.432 Y232.9 F300;svg > polyline
G0 X48.478 Y225.305
G1 X48.478 Y225.305 F300
G1 X48.478 Y233.775 F300;svg > polyline
G0 X99.939 Y230.555
G1 X99.939 Y230.555 F300
G1 X99.939 Y235.962 F300;svg > polyline
G0 X131.842 Y224.43
G1 X131.842 Y224.43 F300
G1 X131.842 Y233.775 F300;svg > polyline
G0 X56.496 Y225.305
G1 X56.496 Y225.305 F300
G1 X56.496 Y232.9 F300;svg > polyline
G0 X190.472 Y229.68
G1 X190.472 Y229.68 F300
G1 X190.472 Y234.643 F300;svg > polyline
G0 X150.551 Y224.43
G1 X150.551 Y224.43 F300
G1 X150.551 Y232.9 F300;svg > polyline
G0 X123.823 Y227.93
G1 X123.823 Y227.93 F300
G1 X123.823 Y233.775 F300;svg > polyline
G0 X179.781 Y230.555
G1 X179.781 Y230.555 F300
G1 X179.781 Y235.962 F300;svg > polyline
G0 X155.896 Y224.43
G1 X155.896 Y224.43 F300
G1 X155.896 Y232.9 F300;svg > polyline
G0 X110.63 Y229.68
G1 X110.63 Y229.68 F300
G1 X110.63 Y234.643 F300;svg > polyline
G0 X74.4 Y225.305
G1 X74.4 Y225.305 F300
G1 X74.4 Y232.9 F300;svg > polyline
G0 X62.464 Y225.305
G1 X62.464 Y225.305 F300
G1 X62.464 Y232.9 F300;svg > polyline
G0 X163.744 Y208.68
G1 X163.744 Y208.68 F300
G1 X163.744 Y214.525 F300;svg > polyline
G0 X148.451 Y214.231
G1 X148.451 Y214.231 F300
G1 X148.451 Y209.275 F300;svg > polyline
G0 X103.185 Y218.606
G1 X103.185 Y218.606 F300
G1 X103.185 Y209.713 F300;svg > polyline
G0 X153.796 Y214.231
G1 X153.796 Y214.231 F300
G1 X153.796 Y209.275 F300;svg > polyline
G0 X143.105 Y214.231
G1 X143.105 Y214.231 F300
G1 X143.105 Y209.275 F300;svg > polyline
G0 X108.53 Y218.606
G1 X108.53 Y218.606 F300
G1 X108.53 Y209.713 F300;svg > polyline
G0 X97.839 Y218.606
G1 X97.839 Y218.606 F300
G1 X97.839 Y209.713 F300;svg > polyline
G0 X40.46 Y212.18
G1 X40.46 Y212.18 F300
G1 X40.46 Y217.587 F300;svg > polyline
G0 X89.821 Y218.606
G1 X89.821 Y218.606 F300
G1 X89.821 Y209.275 F300;svg > polyline
G0 X169.662 Y217.731
G1 X169.662 Y217.731 F300
G1 X169.662 Y208.4 F300;svg > polyline
G0 X83.903 Y209.555
G1 X83.903 Y209.555 F300
G1 X83.903 Y215.4 F300;svg > polyline
G0 X137.76 Y214.231
G1 X137.76 Y214.231 F300
G1 X137.76 Y209.275 F300;svg > polyline
G0 X113.875 Y218.606
G1 X113.875 Y218.606 F300
G1 X113.875 Y209.713 F300;svg > polyline
G0 X177.681 Y217.731
G1 X177.681 Y217.731 F300
G1 X177.681 Y209.275 F300;svg > polyline
G0 X72.3 Y215.106
G1 X72.3 Y215.106 F300
G1 X72.3 Y209.713 F300;svg > polyline
G0 X183.026 Y217.731
G1 X183.026 Y217.731 F300
G1 X183.026 Y209.275 F300;svg > polyline
G0 X66.332 Y215.106
G1 X66.332 Y215.106 F300
G1 X66.332 Y209.713 F300;svg > polyline
G0 X46.378 Y215.106
G1 X46.378 Y215.106 F300
G1 X46.378 Y209.275 F300;svg > polyline
G0 X129.742 Y214.231
G1 X129.742 Y214.231 F300
G1 X129.742 Y208.4 F300;svg > polyline
G0 X188.372 Y217.731
G1 X188.372 Y217.731 F300
G1 X188.372 Y209.275 F300;svg > polyline
G0 X193.717 Y217.731
G1 X193.717 Y217.731 F300
G1 X193.717 Y209.275 F300;svg > polyline
G0 X60.364 Y215.106
G1 X60.364 Y215.106 F300
G1 X60.364 Y209.713 F300;svg > polyline
G0 X54.396 Y215.106
G1 X54.396 Y215.106 F300
G1 X54.396 Y209.713 F300;svg > polyline
G0 X123.823 Y208.68
G1 X123.823 Y208.68 F300
G1 X123.823 Y214.525 F300;svg > path
G0 X137.672 Y225.606
G1 X137.675 Y225.549 F300
G1 X137.683 Y225.492 F300
G1 X137.696 Y225.435 F300
G1 X137.715 Y225.379 F300
G1 X137.74 Y225.324 F300
G1 X137.771 Y225.272 F300
G1 X137.808 Y225.221 F300
G1 X137.852 Y225.174 F300
G1 X137.902 Y225.13 F300
G1 X137.959 Y225.091 F300
G1 X138.024 Y225.055 F300
G1 X138.095 Y225.025 F300
G1 X138.174 Y225.001 F300
G1 X138.26 Y224.983 F300
G1 X138.355 Y224.972 F300
G1 X138.457 Y224.968 F300
G1 X138.567 Y224.973 F300
G1 X138.676 Y224.986 F300
G1 X138.785 Y225.006 F300
G1 X138.892 Y225.035 F300
G1 X138.998 Y225.071 F300
G1 X139.101 Y225.113 F300
G1 X139.201 Y225.162 F300
G1 X139.297 Y225.217 F300
G1 X139.389 Y225.278 F300
G1 X139.476 Y225.343 F300
G1 X139.558 Y225.413 F300
G1 X139.634 Y225.487 F300
G1 X139.703 Y225.565 F300
G1 X139.765 Y225.647 F300
G1 X139.819 Y225.731 F300
G1 X139.864 Y225.817 F300
G1 X139.9 Y225.906 F300
G1 X139.927 Y225.996 F300
G1 X139.944 Y226.088 F300
G1 X139.949 Y226.18 F300
G1 X139.945 Y226.26 F300
G1 X139.931 Y226.336 F300
G1 X139.909 Y226.406 F300
G1 X139.88 Y226.471 F300
G1 X139.842 Y226.531 F300
G1 X139.798 Y226.586 F300
G1 X139.748 Y226.635 F300
G1 X139.691 Y226.679 F300
G1 X139.629 Y226.717 F300
G1 X139.561 Y226.75 F300
G1 X139.489 Y226.776 F300
G1 X139.413 Y226.797 F300
G1 X139.333 Y226.813 F300
G1 X139.25 Y226.822 F300
G1 X139.165 Y226.825 F300
G1 X139.067 Y226.821 F300
G1 X138.968 Y226.81 F300
G1 X138.868 Y226.791 F300
G1 X138.768 Y226.766 F300
G1 X138.669 Y226.734 F300
G1 X138.572 Y226.696 F300
G1 X138.476 Y226.652 F300
G1 X138.382 Y226.603 F300
G1 X138.292 Y226.548 F300
G1 X138.205 Y226.488 F300
G1 X138.123 Y226.424 F300
G1 X138.046 Y226.356 F300
G1 X137.974 Y226.284 F300
G1 X137.908 Y226.208 F300
G1 X137.849 Y226.129 F300
G1 X137.798 Y226.047 F300
G1 X137.754 Y225.963 F300
G1 X137.719 Y225.876 F300
G1 X137.694 Y225.788 F300
G1 X137.678 Y225.697 F300
G1 X137.672 Y225.606 F300;svg > path
G0 X153.709 Y223.856
G1 X153.711 Y223.799 F300
G1 X153.719 Y223.742 F300
G1 X153.733 Y223.685 F300
G1 X153.752 Y223.629 F300
G1 X153.776 Y223.574 F300
G1 X153.807 Y223.522 F300
G1 X153.845 Y223.471 F300
G1 X153.888 Y223.424 F300
G1 X153.939 Y223.38 F300
G1 X153.996 Y223.34 F300
G1 X154.06 Y223.305 F300
G1 X154.131 Y223.275 F300
G1 X154.21 Y223.251 F300
G1 X154.297 Y223.233 F300
G1 X154.391 Y223.222 F300
G1 X154.493 Y223.218 F300
G1 X154.603 Y223.223 F300
G1 X154.712 Y223.235 F300
G1 X154.821 Y223.256 F300
G1 X154.928 Y223.285 F300
G1 X155.034 Y223.321 F300
G1 X155.137 Y223.363 F300
G1 X155.237 Y223.412 F300
G1 X155.333 Y223.467 F300
G1 X155.426 Y223.528 F300
G1 X155.513 Y223.593 F300
G1 X155.595 Y223.663 F300
G1 X155.67 Y223.737 F300
G1 X155.739 Y223.815 F300
G1 X155.801 Y223.897 F300
G1 X155.855 Y223.981 F300
G1 X155.9 Y224.067 F300
G1 X155.937 Y224.156 F300
G1 X155.964 Y224.246 F300
G1 X155.98 Y224.338 F300
G1 X155.986 Y224.43 F300
G1 X155.981 Y224.51 F300
G1 X155.968 Y224.586 F300
G1 X155.946 Y224.656 F300
G1 X155.916 Y224.721 F300
G1 X155.879 Y224.781 F300
G1 X155.835 Y224.836 F300
G1 X155.784 Y224.885 F300
G1 X155.727 Y224.929 F300
G1 X155.665 Y224.967 F300
G1 X155.597 Y225 F300
G1 X155.525 Y225.026 F300
G1 X155.449 Y225.048 F300
G1 X155.37 Y225.063 F300
G1 X155.287 Y225.072 F300
G1 X155.201 Y225.075 F300
G1 X155.103 Y225.071 F300
G1 X155.004 Y225.06 F300
G1 X154.904 Y225.041 F300
G1 X154.805 Y225.016 F300
G1 X154.706 Y224.984 F300
G1 X154.608 Y224.946 F300
G1 X154.512 Y224.902 F300
G1 X154.419 Y224.853 F300
G1 X154.328 Y224.798 F300
G1 X154.242 Y224.738 F300
G1 X154.159 Y224.674 F300
G1 X154.082 Y224.606 F300
G1 X154.01 Y224.534 F300
G1 X153.945 Y224.458 F300
G1 X153.886 Y224.379 F300
G1 X153.834 Y224.297 F300
G1 X153.791 Y224.213 F300
G1 X153.756 Y224.126 F300
G1 X153.73 Y224.038 F300
G1 X153.714 Y223.947 F300
G1 X153.709 Y223.856 F300;svg > path
G0 X46.291 Y224.731
G1 X46.293 Y224.674 F300
G1 X46.301 Y224.617 F300
G1 X46.314 Y224.56 F300
G1 X46.333 Y224.504 F300
G1 X46.358 Y224.449 F300
G1 X46.389 Y224.397 F300
G1 X46.427 Y224.346 F300
G1 X46.47 Y224.299 F300
G1 X46.52 Y224.255 F300
G1 X46.578 Y224.215 F300
G1 X46.642 Y224.18 F300
G1 X46.713 Y224.15 F300
G1 X46.792 Y224.126 F300
G1 X46.879 Y224.108 F300
G1 X46.973 Y224.097 F300
G1 X47.075 Y224.093 F300
G1 X47.185 Y224.098 F300
G1 X47.294 Y224.11 F300
G1 X47.403 Y224.131 F300
G1 X47.51 Y224.16 F300
G1 X47.616 Y224.196 F300
G1 X47.719 Y224.238 F300
G1 X47.819 Y224.287 F300
G1 X47.915 Y224.342 F300
G1 X48.008 Y224.403 F300
G1 X48.095 Y224.468 F300
G1 X48.177 Y224.538 F300
G1 X48.252 Y224.612 F300
G1 X48.321 Y224.69 F300
G1 X48.383 Y224.771 F300
G1 X48.437 Y224.856 F300
G1 X48.483 Y224.942 F300
G1 X48.519 Y225.031 F300
G1 X48.546 Y225.121 F300
G1 X48.562 Y225.213 F300
G1 X48.568 Y225.305 F300
G1 X48.563 Y225.385 F300
G1 X48.55 Y225.461 F300
G1 X48.528 Y225.531 F300
G1 X48.498 Y225.596 F300
G1 X48.461 Y225.656 F300
G1 X48.417 Y225.711 F300
G1 X48.366 Y225.76 F300
G1 X48.309 Y225.804 F300
G1 X48.247 Y225.842 F300
G1 X48.18 Y225.874 F300
G1 X48.108 Y225.901 F300
G1 X48.031 Y225.922 F300
G1 X47.952 Y225.938 F300
G1 X47.869 Y225.947 F300
G1 X47.783 Y225.95 F300
G1 X47.685 Y225.946 F300
G1 X47.586 Y225.935 F300
G1 X47.486 Y225.916 F300
G1 X47.387 Y225.891 F300
G1 X47.288 Y225.859 F300
G1 X47.19 Y225.821 F300
G1 X47.094 Y225.777 F300
G1 X47.001 Y225.728 F300
G1 X46.91 Y225.673 F300
G1 X46.824 Y225.613 F300
G1 X46.741 Y225.549 F300
G1 X46.664 Y225.481 F300
G1 X46.592 Y225.409 F300
G1 X46.527 Y225.333 F300
G1 X46.468 Y225.254 F300
G1 X46.416 Y225.172 F300
G1 X46.373 Y225.088 F300
G1 X46.338 Y225.001 F300
G1 X46.312 Y224.913 F300
G1 X46.296 Y224.822 F300
G1 X46.291 Y224.731 F300;svg > path
G0 X48.391 Y225.606
G1 X48.393 Y225.549 F300
G1 X48.401 Y225.492 F300
G1 X48.414 Y225.435 F300
G1 X48.433 Y225.379 F300
G1 X48.458 Y225.324 F300
G1 X48.489 Y225.272 F300
G1 X48.526 Y225.221 F300
G1 X48.57 Y225.174 F300
G1 X48.62 Y225.13 F300
G1 X48.678 Y225.091 F300
G1 X48.742 Y225.055 F300
G1 X48.813 Y225.025 F300
G1 X48.892 Y225.001 F300
G1 X48.979 Y224.983 F300
G1 X49.073 Y224.972 F300
G1 X49.175 Y224.968 F300
G1 X49.285 Y224.973 F300
G1 X49.394 Y224.986 F300
G1 X49.503 Y225.006 F300
G1 X49.61 Y225.035 F300
G1 X49.716 Y225.071 F300
G1 X49.819 Y225.113 F300
G1 X49.919 Y225.162 F300
G1 X50.015 Y225.217 F300
G1 X50.108 Y225.278 F300
G1 X50.195 Y225.343 F300
G1 X50.277 Y225.413 F300
G1 X50.352 Y225.487 F300
G1 X50.421 Y225.565 F300
G1 X50.483 Y225.647 F300
G1 X50.537 Y225.731 F300
G1 X50.582 Y225.817 F300
G1 X50.619 Y225.906 F300
G1 X50.646 Y225.996 F300
G1 X50.662 Y226.088 F300
G1 X50.668 Y226.18 F300
G1 X50.663 Y226.26 F300
G1 X50.65 Y226.336 F300
G1 X50.628 Y226.406 F300
G1 X50.598 Y226.471 F300
G1 X50.561 Y226.531 F300
G1 X50.517 Y226.586 F300
G1 X50.466 Y226.635 F300
G1 X50.409 Y226.679 F300
G1 X50.347 Y226.717 F300
G1 X50.28 Y226.75 F300
G1 X50.208 Y226.776 F300
G1 X50.131 Y226.797 F300
G1 X50.052 Y226.813 F300
G1 X49.969 Y226.822 F300
G1 X49.883 Y226.825 F300
G1 X49.785 Y226.821 F300
G1 X49.686 Y226.81 F300
G1 X49.586 Y226.791 F300
G1 X49.487 Y226.766 F300
G1 X49.388 Y226.734 F300
G1 X49.29 Y226.696 F300
G1 X49.194 Y226.652 F300
G1 X49.101 Y226.603 F300
G1 X49.01 Y226.548 F300
G1 X48.924 Y226.488 F300
G1 X48.841 Y226.424 F300
G1 X48.764 Y226.356 F300
G1 X48.692 Y226.284 F300
G1 X48.626 Y226.208 F300
G1 X48.568 Y226.129 F300
G1 X48.516 Y226.047 F300
G1 X48.473 Y225.963 F300
G1 X48.438 Y225.876 F300
G1 X48.412 Y225.788 F300
G1 X48.396 Y225.697 F300
G1 X48.391 Y225.606 F300;svg > path
G0 X129.654 Y223.856
G1 X129.657 Y223.799 F300
G1 X129.665 Y223.742 F300
G1 X129.678 Y223.685 F300
G1 X129.697 Y223.629 F300
G1 X129.722 Y223.574 F300
G1 X129.753 Y223.522 F300
G1 X129.79 Y223.471 F300
G1 X129.834 Y223.424 F300
G1 X129.884 Y223.38 F300
G1 X129.941 Y223.34 F300
G1 X130.005 Y223.305 F300
G1 X130.077 Y223.275 F300
G1 X130.156 Y223.251 F300
G1 X130.242 Y223.233 F300
G1 X130.336 Y223.222 F300
G1 X130.439 Y223.218 F300
G1 X130.548 Y223.223 F300
G1 X130.658 Y223.235 F300
G1 X130.766 Y223.256 F300
G1 X130.874 Y223.285 F300
G1 X130.979 Y223.321 F300
G1 X131.082 Y223.363 F300
G1 X131.182 Y223.412 F300
G1 X131.279 Y223.467 F300
G1 X131.371 Y223.528 F300
G1 X131.458 Y223.593 F300
G1 X131.54 Y223.663 F300
G1 X131.616 Y223.737 F300
G1 X131.685 Y223.815 F300
G1 X131.746 Y223.897 F300
G1 X131.8 Y223.981 F300
G1 X131.846 Y224.067 F300
G1 X131.882 Y224.156 F300
G1 X131.909 Y224.246 F300
G1 X131.925 Y224.338 F300
G1 X131.931 Y224.43 F300
G1 X131.926 Y224.51 F300
G1 X131.913 Y224.586 F300
G1 X131.891 Y224.656 F300
G1 X131.861 Y224.721 F300
G1 X131.824 Y224.781 F300
G1 X131.78 Y224.836 F300
G1 X131.729 Y224.885 F300
G1 X131.672 Y224.929 F300
G1 X131.61 Y224.967 F300
G1 X131.543 Y225 F300
G1 X131.471 Y225.026 F300
G1 X131.395 Y225.048 F300
G1 X131.315 Y225.063 F300
G1 X131.232 Y225.072 F300
G1 X131.146 Y225.075 F300
G1 X131.048 Y225.071 F300
G1 X130.949 Y225.06 F300
G1 X130.85 Y225.041 F300
G1 X130.75 Y225.016 F300
G1 X130.651 Y224.984 F300
G1 X130.553 Y224.946 F300
G1 X130.457 Y224.902 F300
G1 X130.364 Y224.853 F300
G1 X130.274 Y224.798 F300
G1 X130.187 Y224.738 F300
G1 X130.105 Y224.674 F300
G1 X130.027 Y224.606 F300
G1 X129.956 Y224.534 F300
G1 X129.89 Y224.458 F300
G1 X129.831 Y224.379 F300
G1 X129.78 Y224.297 F300
G1 X129.736 Y224.213 F300
G1 X129.701 Y224.126 F300
G1 X129.675 Y224.038 F300
G1 X129.66 Y223.947 F300
G1 X129.654 Y223.856 F300;svg > path
G0 X129.654 Y225.606
G1 X129.657 Y225.549 F300
G1 X129.665 Y225.492 F300
G1 X129.678 Y225.435 F300
G1 X129.697 Y225.379 F300
G1 X129.722 Y225.324 F300
G1 X129.753 Y225.272 F300
G1 X129.79 Y225.221 F300
G1 X129.834 Y225.174 F300
G1 X129.884 Y225.13 F300
G1 X129.941 Y225.091 F300
G1 X130.005 Y225.055 F300
G1 X130.077 Y225.025 F300
G1 X130.156 Y225.001 F300
G1 X130.242 Y224.983 F300
G1 X130.336 Y224.972 F300
G1 X130.439 Y224.968 F300
G1 X130.548 Y224.973 F300
G1 X130.658 Y224.986 F300
G1 X130.766 Y225.006 F300
G1 X130.874 Y225.035 F300
G1 X130.979 Y225.071 F300
G1 X131.082 Y225.113 F300
G1 X131.182 Y225.162 F300
G1 X131.279 Y225.217 F300
G1 X131.371 Y225.278 F300
G1 X131.458 Y225.343 F300
G1 X131.54 Y225.413 F300
G1 X131.616 Y225.487 F300
G1 X131.685 Y225.565 F300
G1 X131.746 Y225.647 F300
G1 X131.8 Y225.731 F300
G1 X131.846 Y225.817 F300
G1 X131.882 Y225.906 F300
G1 X131.909 Y225.996 F300
G1 X131.925 Y226.088 F300
G1 X131.931 Y226.18 F300
G1 X131.926 Y226.26 F300
G1 X131.913 Y226.336 F300
G1 X131.891 Y226.406 F300
G1 X131.861 Y226.471 F300
G1 X131.824 Y226.531 F300
G1 X131.78 Y226.586 F300
G1 X131.729 Y226.635 F300
G1 X131.672 Y226.679 F300
G1 X131.61 Y226.717 F300
G1 X131.543 Y226.75 F300
G1 X131.471 Y226.776 F300
G1 X131.395 Y226.797 F300
G1 X131.315 Y226.813 F300
G1 X131.232 Y226.822 F300
G1 X131.146 Y226.825 F300
G1 X131.048 Y226.821 F300
G1 X130.949 Y226.81 F300
G1 X130.85 Y226.791 F300
G1 X130.75 Y226.766 F300
G1 X130.651 Y226.734 F300
G1 X130.553 Y226.696 F300
G1 X130.457 Y226.652 F300
G1 X130.364 Y226.603 F300
G1 X130.274 Y226.548 F300
G1 X130.187 Y226.488 F300
G1 X130.105 Y226.424 F300
G1 X130.027 Y226.356 F300
G1 X129.956 Y226.284 F300
G1 X129.89 Y226.208 F300
G1 X129.831 Y226.129 F300
G1 X129.78 Y226.047 F300
G1 X129.736 Y225.963 F300
G1 X129.701 Y225.876 F300
G1 X129.675 Y225.788 F300
G1 X129.66 Y225.697 F300
G1 X129.654 Y225.606 F300;svg > path
G0 X129.654 Y227.356
G1 X129.657 Y227.299 F300
G1 X129.665 Y227.242 F300
G1 X129.678 Y227.185 F300
G1 X129.697 Y227.129 F300
G1 X129.722 Y227.074 F300
G1 X129.753 Y227.022 F300
G1 X129.79 Y226.971 F300
G1 X129.834 Y226.924 F300
G1 X129.884 Y226.88 F300
G1 X129.941 Y226.841 F300
G1 X130.005 Y226.805 F300
G1 X130.077 Y226.776 F300
G1 X130.156 Y226.751 F300
G1 X130.242 Y226.733 F300
G1 X130.336 Y226.722 F300
G1 X130.439 Y226.718 F300
G1 X130.548 Y226.723 F300
G1 X130.658 Y226.736 F300
G1 X130.766 Y226.757 F300
G1 X130.874 Y226.785 F300
G1 X130.979 Y226.821 F300
G1 X131.082 Y226.864 F300
G1 X131.182 Y226.912 F300
G1 X131.279 Y226.967 F300
G1 X131.371 Y227.028 F300
G1 X131.458 Y227.093 F300
G1 X131.54 Y227.163 F300
G1 X131.616 Y227.237 F300
G1 X131.685 Y227.315 F300
G1 X131.746 Y227.397 F300
G1 X131.8 Y227.481 F300
G1 X131.846 Y227.567 F300
G1 X131.882 Y227.656 F300
G1 X131.909 Y227.747 F300
G1 X131.925 Y227.838 F300
G1 X131.931 Y227.93 F300
G1 X131.926 Y228.011 F300
G1 X131.913 Y228.086 F300
G1 X131.891 Y228.156 F300
G1 X131.861 Y228.221 F300
G1 X131.824 Y228.281 F300
G1 X131.78 Y228.336 F300
G1 X131.729 Y228.385 F300
G1 X131.672 Y228.429 F300
G1 X131.61 Y228.467 F300
G1 X131.543 Y228.5 F300
G1 X131.471 Y228.526 F300
G1 X131.395 Y228.547 F300
G1 X131.315 Y228.563 F300
G1 X131.232 Y228.572 F300
G1 X131.146 Y228.575 F300
G1 X131.048 Y228.571 F300
G1 X130.949 Y228.56 F300
G1 X130.85 Y228.541 F300
G1 X130.75 Y228.516 F300
G1 X130.651 Y228.484 F300
G1 X130.553 Y228.446 F300
G1 X130.457 Y228.402 F300
G1 X130.364 Y228.353 F300
G1 X130.274 Y228.298 F300
G1 X130.187 Y228.238 F300
G1 X130.105 Y228.174 F300
G1 X130.027 Y228.106 F300
G1 X129.956 Y228.034 F300
G1 X129.89 Y227.958 F300
G1 X129.831 Y227.879 F300
G1 X129.78 Y227.797 F300
G1 X129.736 Y227.713 F300
G1 X129.701 Y227.626 F300
G1 X129.675 Y227.538 F300
G1 X129.66 Y227.447 F300
G1 X129.654 Y227.356 F300;svg > path
G0 X46.291 Y227.356
G1 X46.293 Y227.299 F300
G1 X46.301 Y227.242 F300
G1 X46.314 Y227.185 F300
G1 X46.333 Y227.129 F300
G1 X46.358 Y227.074 F300
G1 X46.389 Y227.022 F300
G1 X46.427 Y226.971 F300
G1 X46.47 Y226.924 F300
G1 X46.52 Y226.88 F300
G1 X46.578 Y226.841 F300
G1 X46.642 Y226.805 F300
G1 X46.713 Y226.776 F300
G1 X46.792 Y226.751 F300
G1 X46.879 Y226.733 F300
G1 X46.973 Y226.722 F300
G1 X47.075 Y226.718 F300
G1 X47.185 Y226.723 F300
G1 X47.294 Y226.736 F300
G1 X47.403 Y226.757 F300
G1 X47.51 Y226.785 F300
G1 X47.616 Y226.821 F300
G1 X47.719 Y226.864 F300
G1 X47.819 Y226.912 F300
G1 X47.915 Y226.967 F300
G1 X48.008 Y227.028 F300
G1 X48.095 Y227.093 F300
G1 X48.177 Y227.163 F300
G1 X48.252 Y227.237 F300
G1 X48.321 Y227.315 F300
G1 X48.383 Y227.397 F300
G1 X48.437 Y227.481 F300
G1 X48.483 Y227.567 F300
G1 X48.519 Y227.656 F300
G1 X48.546 Y227.747 F300
G1 X48.562 Y227.838 F300
G1 X48.568 Y227.93 F300
G1 X48.563 Y228.011 F300
G1 X48.55 Y228.086 F300
G1 X48.528 Y228.156 F300
G1 X48.498 Y228.221 F300
G1 X48.461 Y228.281 F300
G1 X48.417 Y228.336 F300
G1 X48.366 Y228.385 F300
G1 X48.309 Y228.429 F300
G1 X48.247 Y228.467 F300
G1 X48.18 Y228.5 F300
G1 X48.108 Y228.526 F300
G1 X48.031 Y228.547 F300
G1 X47.952 Y228.563 F300
G1 X47.869 Y228.572 F300
G1 X47.783 Y228.575 F300
G1 X47.685 Y228.571 F300
G1 X47.586 Y228.56 F300
G1 X47.486 Y228.541 F300
G1 X47.387 Y228.516 F300
G1 X47.288 Y228.484 F300
G1 X47.19 Y228.446 F300
G1 X47.094 Y228.402 F300
G1 X47.001 Y228.353 F300
G1 X46.91 Y228.298 F300
G1 X46.824 Y228.238 F300
G1 X46.741 Y228.174 F300
G1 X46.664 Y228.106 F300
G1 X46.592 Y228.034 F300
G1 X46.527 Y227.958 F300
G1 X46.468 Y227.879 F300
G1 X46.416 Y227.797 F300
G1 X46.373 Y227.713 F300
G1 X46.338 Y227.626 F300
G1 X46.312 Y227.538 F300
G1 X46.296 Y227.447 F300
G1 X46.291 Y227.356 F300;svg > path
G0 X54.309 Y227.356
G1 X54.311 Y227.299 F300
G1 X54.319 Y227.242 F300
G1 X54.333 Y227.185 F300
G1 X54.352 Y227.129 F300
G1 X54.377 Y227.074 F300
G1 X54.408 Y227.022 F300
G1 X54.445 Y226.971 F300
G1 X54.488 Y226.924 F300
G1 X54.539 Y226.88 F300
G1 X54.596 Y226.841 F300
G1 X54.66 Y226.805 F300
G1 X54.732 Y226.776 F300
G1 X54.811 Y226.751 F300
G1 X54.897 Y226.733 F300
G1 X54.991 Y226.722 F300
G1 X55.094 Y226.718 F300
G1 X55.203 Y226.723 F300
G1 X55.312 Y226.736 F300
G1 X55.421 Y226.757 F300
G1 X55.529 Y226.785 F300
G1 X55.634 Y226.821 F300
G1 X55.737 Y226.864 F300
G1 X55.837 Y226.912 F300
G1 X55.934 Y226.967 F300
G1 X56.026 Y227.028 F300
G1 X56.113 Y227.093 F300
G1 X56.195 Y227.163 F300
G1 X56.27 Y227.237 F300
G1 X56.34 Y227.315 F300
G1 X56.401 Y227.397 F300
G1 X56.455 Y227.481 F300
G1 X56.501 Y227.567 F300
G1 X56.537 Y227.656 F300
G1 X56.564 Y227.747 F300
G1 X56.58 Y227.838 F300
G1 X56.586 Y227.93 F300
G1 X56.581 Y228.011 F300
G1 X56.568 Y228.086 F300
G1 X56.546 Y228.156 F300
G1 X56.516 Y228.221 F300
G1 X56.479 Y228.281 F300
G1 X56.435 Y228.336 F300
G1 X56.384 Y228.385 F300
G1 X56.327 Y228.429 F300
G1 X56.265 Y228.467 F300
G1 X56.198 Y228.5 F300
G1 X56.126 Y228.526 F300
G1 X56.05 Y228.547 F300
G1 X55.97 Y228.563 F300
G1 X55.887 Y228.572 F300
G1 X55.801 Y228.575 F300
G1 X55.703 Y228.571 F300
G1 X55.604 Y228.56 F300
G1 X55.505 Y228.541 F300
G1 X55.405 Y228.516 F300
G1 X55.306 Y228.484 F300
G1 X55.208 Y228.446 F300
G1 X55.112 Y228.402 F300
G1 X55.019 Y228.353 F300
G1 X54.929 Y228.298 F300
G1 X54.842 Y228.238 F300
G1 X54.76 Y228.174 F300
G1 X54.682 Y228.106 F300
G1 X54.61 Y228.034 F300
G1 X54.545 Y227.958 F300
G1 X54.486 Y227.879 F300
G1 X54.434 Y227.797 F300
G1 X54.391 Y227.713 F300
G1 X54.356 Y227.626 F300
G1 X54.33 Y227.538 F300
G1 X54.314 Y227.447 F300
G1 X54.309 Y227.356 F300;svg > path
G0 X60.277 Y224.731
G1 X60.279 Y224.674 F300
G1 X60.287 Y224.617 F300
G1 X60.301 Y224.56 F300
G1 X60.32 Y224.504 F300
G1 X60.344 Y224.449 F300
G1 X60.375 Y224.397 F300
G1 X60.413 Y224.346 F300
G1 X60.456 Y224.299 F300
G1 X60.507 Y224.255 F300
G1 X60.564 Y224.215 F300
G1 X60.628 Y224.18 F300
G1 X60.699 Y224.15 F300
G1 X60.778 Y224.126 F300
G1 X60.865 Y224.108 F300
G1 X60.959 Y224.097 F300
G1 X61.061 Y224.093 F300
G1 X61.171 Y224.098 F300
G1 X61.28 Y224.11 F300
G1 X61.389 Y224.131 F300
G1 X61.496 Y224.16 F300
G1 X61.602 Y224.196 F300
G1 X61.705 Y224.238 F300
G1 X61.805 Y224.287 F300
G1 X61.901 Y224.342 F300
G1 X61.993 Y224.403 F300
G1 X62.081 Y224.468 F300
G1 X62.162 Y224.538 F300
G1 X62.238 Y224.612 F300
G1 X62.307 Y224.69 F300
G1 X62.369 Y224.771 F300
G1 X62.423 Y224.856 F300
G1 X62.468 Y224.942 F300
G1 X62.505 Y225.031 F300
G1 X62.532 Y225.121 F300
G1 X62.548 Y225.213 F300
G1 X62.554 Y225.305 F300
G1 X62.549 Y225.385 F300
G1 X62.536 Y225.461 F300
G1 X62.514 Y225.531 F300
G1 X62.484 Y225.596 F300
G1 X62.447 Y225.656 F300
G1 X62.403 Y225.711 F300
G1 X62.352 Y225.76 F300
G1 X62.295 Y225.804 F300
G1 X62.233 Y225.842 F300
G1 X62.165 Y225.874 F300
G1 X62.093 Y225.901 F300
G1 X62.017 Y225.922 F300
G1 X61.938 Y225.938 F300
G1 X61.855 Y225.947 F300
G1 X61.769 Y225.95 F300
G1 X61.671 Y225.946 F300
G1 X61.572 Y225.935 F300
G1 X61.472 Y225.916 F300
G1 X61.373 Y225.891 F300
G1 X61.274 Y225.859 F300
G1 X61.176 Y225.821 F300
G1 X61.08 Y225.777 F300
G1 X60.987 Y225.728 F300
G1 X60.896 Y225.673 F300
G1 X60.81 Y225.613 F300
G1 X60.727 Y225.549 F300
G1 X60.65 Y225.481 F300
G1 X60.578 Y225.409 F300
G1 X60.513 Y225.333 F300
G1 X60.454 Y225.254 F300
G1 X60.402 Y225.172 F300
G1 X60.359 Y225.088 F300
G1 X60.324 Y225.001 F300
G1 X60.298 Y224.913 F300
G1 X60.282 Y224.822 F300
G1 X60.277 Y224.731 F300;svg > path
G0 X62.377 Y225.606
G1 X62.379 Y225.549 F300
G1 X62.387 Y225.492 F300
G1 X62.4 Y225.435 F300
G1 X62.419 Y225.379 F300
G1 X62.444 Y225.324 F300
G1 X62.475 Y225.272 F300
G1 X62.513 Y225.221 F300
G1 X62.556 Y225.174 F300
G1 X62.607 Y225.13 F300
G1 X62.664 Y225.091 F300
G1 X62.728 Y225.055 F300
G1 X62.799 Y225.025 F300
G1 X62.878 Y225.001 F300
G1 X62.965 Y224.983 F300
G1 X63.059 Y224.972 F300
G1 X63.161 Y224.968 F300
G1 X63.271 Y224.973 F300
G1 X63.38 Y224.986 F300
G1 X63.489 Y225.006 F300
G1 X63.596 Y225.035 F300
G1 X63.702 Y225.071 F300
G1 X63.805 Y225.113 F300
G1 X63.905 Y225.162 F300
G1 X64.001 Y225.217 F300
G1 X64.094 Y225.278 F300
G1 X64.181 Y225.343 F300
G1 X64.263 Y225.413 F300
G1 X64.338 Y225.487 F300
G1 X64.407 Y225.565 F300
G1 X64.469 Y225.647 F300
G1 X64.523 Y225.731 F300
G1 X64.568 Y225.817 F300
G1 X64.605 Y225.906 F300
G1 X64.631 Y225.996 F300
G1 X64.648 Y226.088 F300
G1 X64.654 Y226.18 F300
G1 X64.649 Y226.26 F300
G1 X64.636 Y226.336 F300
G1 X64.614 Y226.406 F300
G1 X64.584 Y226.471 F300
G1 X64.547 Y226.531 F300
G1 X64.502 Y226.586 F300
G1 X64.452 Y226.635 F300
G1 X64.395 Y226.679 F300
G1 X64.333 Y226.717 F300
G1 X64.265 Y226.75 F300
G1 X64.193 Y226.776 F300
G1 X64.117 Y226.797 F300
G1 X64.038 Y226.813 F300
G1 X63.955 Y226.822 F300
G1 X63.869 Y226.825 F300
G1 X63.771 Y226.821 F300
G1 X63.672 Y226.81 F300
G1 X63.572 Y226.791 F300
G1 X63.473 Y226.766 F300
G1 X63.374 Y226.734 F300
G1 X63.276 Y226.696 F300
G1 X63.18 Y226.652 F300
G1 X63.087 Y226.603 F300
G1 X62.996 Y226.548 F300
G1 X62.91 Y226.488 F300
G1 X62.827 Y226.424 F300
G1 X62.75 Y226.356 F300
G1 X62.678 Y226.284 F300
G1 X62.613 Y226.208 F300
G1 X62.554 Y226.129 F300
G1 X62.502 Y226.047 F300
G1 X62.459 Y225.963 F300
G1 X62.424 Y225.876 F300
G1 X62.398 Y225.788 F300
G1 X62.382 Y225.697 F300
G1 X62.377 Y225.606 F300;svg > path
G0 X60.277 Y227.356
G1 X60.279 Y227.299 F300
G1 X60.287 Y227.242 F300
G1 X60.301 Y227.185 F300
G1 X60.32 Y227.129 F300
G1 X60.344 Y227.074 F300
G1 X60.375 Y227.022 F300
G1 X60.413 Y226.971 F300
G1 X60.456 Y226.924 F300
G1 X60.507 Y226.88 F300
G1 X60.564 Y226.841 F300
G1 X60.628 Y226.805 F300
G1 X60.699 Y226.776 F300
G1 X60.778 Y226.751 F300
G1 X60.865 Y226.733 F300
G1 X60.959 Y226.722 F300
G1 X61.061 Y226.718 F300
G1 X61.171 Y226.723 F300
G1 X61.28 Y226.736 F300
G1 X61.389 Y226.757 F300
G1 X61.496 Y226.785 F300
G1 X61.602 Y226.821 F300
G1 X61.705 Y226.864 F300
G1 X61.805 Y226.912 F300
G1 X61.901 Y226.967 F300
G1 X61.993 Y227.028 F300
G1 X62.081 Y227.093 F300
G1 X62.162 Y227.163 F300
G1 X62.238 Y227.237 F300
G1 X62.307 Y227.315 F300
G1 X62.369 Y227.397 F300
G1 X62.423 Y227.481 F300
G1 X62.468 Y227.567 F300
G1 X62.505 Y227.656 F300
G1 X62.532 Y227.747 F300
G1 X62.548 Y227.838 F300
G1 X62.554 Y227.93 F300
G1 X62.549 Y228.011 F300
G1 X62.536 Y228.086 F300
G1 X62.514 Y228.156 F300
G1 X62.484 Y228.221 F300
G1 X62.447 Y228.281 F300
G1 X62.403 Y228.336 F300
G1 X62.352 Y228.385 F300
G1 X62.295 Y228.429 F300
G1 X62.233 Y228.467 F300
G1 X62.165 Y228.5 F300
G1 X62.093 Y228.526 F300
G1 X62.017 Y228.547 F300
G1 X61.938 Y228.563 F300
G1 X61.855 Y228.572 F300
G1 X61.769 Y228.575 F300
G1 X61.671 Y228.571 F300
G1 X61.572 Y228.56 F300
G1 X61.472 Y228.541 F300
G1 X61.373 Y228.516 F300
G1 X61.274 Y228.484 F300
G1 X61.176 Y228.446 F300
G1 X61.08 Y228.402 F300
G1 X60.987 Y228.353 F300
G1 X60.896 Y228.298 F300
G1 X60.81 Y228.238 F300
G1 X60.727 Y228.174 F300
G1 X60.65 Y228.106 F300
G1 X60.578 Y228.034 F300
G1 X60.513 Y227.958 F300
G1 X60.454 Y227.879 F300
G1 X60.402 Y227.797 F300
G1 X60.359 Y227.713 F300
G1 X60.324 Y227.626 F300
G1 X60.298 Y227.538 F300
G1 X60.282 Y227.447 F300
G1 X60.277 Y227.356 F300;svg > path
G0 X137.672 Y223.856
G1 X137.675 Y223.799 F300
G1 X137.683 Y223.742 F300
G1 X137.696 Y223.685 F300
G1 X137.715 Y223.629 F300
G1 X137.74 Y223.574 F300
G1 X137.771 Y223.522 F300
G1 X137.808 Y223.471 F300
G1 X137.852 Y223.424 F300
G1 X137.902 Y223.38 F300
G1 X137.959 Y223.34 F300
G1 X138.024 Y223.305 F300
G1 X138.095 Y223.275 F300
G1 X138.174 Y223.251 F300
G1 X138.26 Y223.233 F300
G1 X138.355 Y223.222 F300
G1 X138.457 Y223.218 F300
G1 X138.567 Y223.223 F300
G1 X138.676 Y223.235 F300
G1 X138.785 Y223.256 F300
G1 X138.892 Y223.285 F300
G1 X138.998 Y223.321 F300
G1 X139.101 Y223.363 F300
G1 X139.201 Y223.412 F300
G1 X139.297 Y223.467 F300
G1 X139.389 Y223.528 F300
G1 X139.476 Y223.593 F300
G1 X139.558 Y223.663 F300
G1 X139.634 Y223.737 F300
G1 X139.703 Y223.815 F300
G1 X139.765 Y223.897 F300
G1 X139.819 Y223.981 F300
G1 X139.864 Y224.067 F300
G1 X139.9 Y224.156 F300
G1 X139.927 Y224.246 F300
G1 X139.944 Y224.338 F300
G1 X139.949 Y224.43 F300
G1 X139.945 Y224.51 F300
G1 X139.931 Y224.586 F300
G1 X139.909 Y224.656 F300
G1 X139.88 Y224.721 F300
G1 X139.842 Y224.781 F300
G1 X139.798 Y224.836 F300
G1 X139.748 Y224.885 F300
G1 X139.691 Y224.929 F300
G1 X139.629 Y224.967 F300
G1 X139.561 Y225 F300
G1 X139.489 Y225.026 F300
G1 X139.413 Y225.048 F300
G1 X139.333 Y225.063 F300
G1 X139.25 Y225.072 F300
G1 X139.165 Y225.075 F300
G1 X139.067 Y225.071 F300
G1 X138.968 Y225.06 F300
G1 X138.868 Y225.041 F300
G1 X138.768 Y225.016 F300
G1 X138.669 Y224.984 F300
G1 X138.572 Y224.946 F300
G1 X138.476 Y224.902 F300
G1 X138.382 Y224.853 F300
G1 X138.292 Y224.798 F300
G1 X138.205 Y224.738 F300
G1 X138.123 Y224.674 F300
G1 X138.046 Y224.606 F300
G1 X137.974 Y224.534 F300
G1 X137.908 Y224.458 F300
G1 X137.849 Y224.379 F300
G1 X137.798 Y224.297 F300
G1 X137.754 Y224.213 F300
G1 X137.719 Y224.126 F300
G1 X137.694 Y224.038 F300
G1 X137.678 Y223.947 F300
G1 X137.672 Y223.856 F300;svg > path
G0 X56.409 Y225.606
G1 X56.412 Y225.549 F300
G1 X56.419 Y225.492 F300
G1 X56.433 Y225.435 F300
G1 X56.452 Y225.379 F300
G1 X56.477 Y225.324 F300
G1 X56.508 Y225.272 F300
G1 X56.545 Y225.221 F300
G1 X56.588 Y225.174 F300
G1 X56.639 Y225.13 F300
G1 X56.696 Y225.091 F300
G1 X56.76 Y225.055 F300
G1 X56.832 Y225.025 F300
G1 X56.91 Y225.001 F300
G1 X56.997 Y224.983 F300
G1 X57.091 Y224.972 F300
G1 X57.194 Y224.968 F300
G1 X57.303 Y224.973 F300
G1 X57.412 Y224.986 F300
G1 X57.521 Y225.006 F300
G1 X57.629 Y225.035 F300
G1 X57.734 Y225.071 F300
G1 X57.837 Y225.113 F300
G1 X57.937 Y225.162 F300
G1 X58.034 Y225.217 F300
G1 X58.126 Y225.278 F300
G1 X58.213 Y225.343 F300
G1 X58.295 Y225.413 F300
G1 X58.37 Y225.487 F300
G1 X58.439 Y225.565 F300
G1 X58.501 Y225.647 F300
G1 X58.555 Y225.731 F300
G1 X58.601 Y225.817 F300
G1 X58.637 Y225.906 F300
G1 X58.664 Y225.996 F300
G1 X58.68 Y226.088 F300
G1 X58.686 Y226.18 F300
G1 X58.681 Y226.26 F300
G1 X58.668 Y226.336 F300
G1 X58.646 Y226.406 F300
G1 X58.616 Y226.471 F300
G1 X58.579 Y226.531 F300
G1 X58.535 Y226.586 F300
G1 X58.484 Y226.635 F300
G1 X58.427 Y226.679 F300
G1 X58.365 Y226.717 F300
G1 X58.298 Y226.75 F300
G1 X58.226 Y226.776 F300
G1 X58.15 Y226.797 F300
G1 X58.07 Y226.813 F300
G1 X57.987 Y226.822 F300
G1 X57.901 Y226.825 F300
G1 X57.803 Y226.821 F300
G1 X57.704 Y226.81 F300
G1 X57.605 Y226.791 F300
G1 X57.505 Y226.766 F300
G1 X57.406 Y226.734 F300
G1 X57.308 Y226.696 F300
G1 X57.212 Y226.652 F300
G1 X57.119 Y226.603 F300
G1 X57.029 Y226.548 F300
G1 X56.942 Y226.488 F300
G1 X56.86 Y226.424 F300
G1 X56.782 Y226.356 F300
G1 X56.71 Y226.284 F300
G1 X56.645 Y226.208 F300
G1 X56.586 Y226.129 F300
G1 X56.534 Y226.047 F300
G1 X56.491 Y225.963 F300
G1 X56.456 Y225.876 F300
G1 X56.43 Y225.788 F300
G1 X56.414 Y225.697 F300
G1 X56.409 Y225.606 F300;svg > path
G0 X137.672 Y227.356
G1 X137.675 Y227.299 F300
G1 X137.683 Y227.242 F300
G1 X137.696 Y227.185 F300
G1 X137.715 Y227.129 F300
G1 X137.74 Y227.074 F300
G1 X137.771 Y227.022 F300
G1 X137.808 Y226.971 F300
G1 X137.852 Y226.924 F300
G1 X137.902 Y226.88 F300
G1 X137.959 Y226.841 F300
G1 X138.024 Y226.805 F300
G1 X138.095 Y226.776 F300
G1 X138.174 Y226.751 F300
G1 X138.26 Y226.733 F300
G1 X138.355 Y226.722 F300
G1 X138.457 Y226.718 F300
G1 X138.567 Y226.723 F300
G1 X138.676 Y226.736 F300
G1 X138.785 Y226.757 F300
G1 X138.892 Y226.785 F300
G1 X138.998 Y226.821 F300
G1 X139.101 Y226.864 F300
G1 X139.201 Y226.912 F300
G1 X139.297 Y226.967 F300
G1 X139.389 Y227.028 F300
G1 X139.476 Y227.093 F300
G1 X139.558 Y227.163 F300
G1 X139.634 Y227.237 F300
G1 X139.703 Y227.315 F300
G1 X139.765 Y227.397 F300
G1 X139.819 Y227.481 F300
G1 X139.864 Y227.567 F300
G1 X139.9 Y227.656 F300
G1 X139.927 Y227.747 F300
G1 X139.944 Y227.838 F300
G1 X139.949 Y227.93 F300
G1 X139.945 Y228.011 F300
G1 X139.931 Y228.086 F300
G1 X139.909 Y228.156 F300
G1 X139.88 Y228.221 F300
G1 X139.842 Y228.281 F300
G1 X139.798 Y228.336 F300
G1 X139.748 Y228.385 F300
G1 X139.691 Y228.429 F300
G1 X139.629 Y228.467 F300
G1 X139.561 Y228.5 F300
G1 X139.489 Y228.526 F300
G1 X139.413 Y228.547 F300
G1 X139.333 Y228.563 F300
G1 X139.25 Y228.572 F300
G1 X139.165 Y228.575 F300
G1 X139.067 Y228.571 F300
G1 X138.968 Y228.56 F300
G1 X138.868 Y228.541 F300
G1 X138.768 Y228.516 F300
G1 X138.669 Y228.484 F300
G1 X138.572 Y228.446 F300
G1 X138.476 Y228.402 F300
G1 X138.382 Y228.353 F300
G1 X138.292 Y228.298 F300
G1 X138.205 Y228.238 F300
G1 X138.123 Y228.174 F300
G1 X138.046 Y228.106 F300
G1 X137.974 Y228.034 F300
G1 X137.908 Y227.958 F300
G1 X137.849 Y227.879 F300
G1 X137.798 Y227.797 F300
G1 X137.754 Y227.713 F300
G1 X137.719 Y227.626 F300
G1 X137.694 Y227.538 F300
G1 X137.678 Y227.447 F300
G1 X137.672 Y227.356 F300;svg > path
G0 X193.629 Y227.356
G1 X193.632 Y227.299 F300
G1 X193.64 Y227.242 F300
G1 X193.653 Y227.185 F300
G1 X193.672 Y227.129 F300
G1 X193.697 Y227.074 F300
G1 X193.728 Y227.022 F300
G1 X193.765 Y226.971 F300
G1 X193.809 Y226.924 F300
G1 X193.859 Y226.88 F300
G1 X193.917 Y226.841 F300
G1 X193.981 Y226.805 F300
G1 X194.052 Y226.776 F300
G1 X194.131 Y226.751 F300
G1 X194.218 Y226.733 F300
G1 X194.312 Y226.722 F300
G1 X194.414 Y226.718 F300
G1 X194.524 Y226.723 F300
G1 X194.633 Y226.736 F300
G1 X194.742 Y226.757 F300
G1 X194.849 Y226.785 F300
G1 X194.955 Y226.821 F300
G1 X195.058 Y226.864 F300
G1 X195.158 Y226.912 F300
G1 X195.254 Y226.967 F300
G1 X195.346 Y227.028 F300
G1 X195.434 Y227.093 F300
G1 X195.515 Y227.163 F300
G1 X195.591 Y227.237 F300
G1 X195.66 Y227.315 F300
G1 X195.722 Y227.397 F300
G1 X195.776 Y227.481 F300
G1 X195.821 Y227.567 F300
G1 X195.858 Y227.656 F300
G1 X195.884 Y227.747 F300
G1 X195.901 Y227.838 F300
G1 X195.907 Y227.93 F300
G1 X195.902 Y228.011 F300
G1 X195.889 Y228.086 F300
G1 X195.867 Y228.156 F300
G1 X195.837 Y228.221 F300
G1 X195.8 Y228.281 F300
G1 X195.755 Y228.336 F300
G1 X195.705 Y228.385 F300
G1 X195.648 Y228.429 F300
G1 X195.586 Y228.467 F300
G1 X195.518 Y228.5 F300
G1 X195.446 Y228.526 F300
G1 X195.37 Y228.547 F300
G1 X195.291 Y228.563 F300
G1 X195.208 Y228.572 F300
G1 X195.122 Y228.575 F300
G1 X195.024 Y228.571 F300
G1 X194.925 Y228.56 F300
G1 X194.825 Y228.541 F300
G1 X194.726 Y228.516 F300
G1 X194.627 Y228.484 F300
G1 X194.529 Y228.446 F300
G1 X194.433 Y228.402 F300
G1 X194.34 Y228.353 F300
G1 X194.249 Y228.298 F300
G1 X194.163 Y228.238 F300
G1 X194.08 Y228.174 F300
G1 X194.003 Y228.106 F300
G1 X193.931 Y228.034 F300
G1 X193.865 Y227.958 F300
G1 X193.806 Y227.879 F300
G1 X193.755 Y227.797 F300
G1 X193.711 Y227.713 F300
G1 X193.676 Y227.626 F300
G1 X193.651 Y227.538 F300
G1 X193.635 Y227.447 F300
G1 X193.629 Y227.356 F300;svg > path
G0 X113.788 Y227.356
G1 X113.791 Y227.299 F300
G1 X113.798 Y227.242 F300
G1 X113.812 Y227.185 F300
G1 X113.831 Y227.129 F300
G1 X113.856 Y227.074 F300
G1 X113.887 Y227.022 F300
G1 X113.924 Y226.971 F300
G1 X113.967 Y226.924 F300
G1 X114.018 Y226.88 F300
G1 X114.075 Y226.841 F300
G1 X114.139 Y226.805 F300
G1 X114.211 Y226.776 F300
G1 X114.289 Y226.751 F300
G1 X114.376 Y226.733 F300
G1 X114.47 Y226.722 F300
G1 X114.573 Y226.718 F300
G1 X114.682 Y226.723 F300
G1 X114.791 Y226.736 F300
G1 X114.9 Y226.757 F300
G1 X115.008 Y226.785 F300
G1 X115.113 Y226.821 F300
G1 X115.216 Y226.864 F300
G1 X115.316 Y226.912 F300
G1 X115.413 Y226.967 F300
G1 X115.505 Y227.028 F300
G1 X115.592 Y227.093 F300
G1 X115.674 Y227.163 F300
G1 X115.749 Y227.237 F300
G1 X115.818 Y227.315 F300
G1 X115.88 Y227.397 F300
G1 X115.934 Y227.481 F300
G1 X115.98 Y227.567 F300
G1 X116.016 Y227.656 F300
G1 X116.043 Y227.747 F300
G1 X116.059 Y227.838 F300
G1 X116.065 Y227.93 F300
G1 X116.06 Y228.011 F300
G1 X116.047 Y228.086 F300
G1 X116.025 Y228.156 F300
G1 X115.995 Y228.221 F300
G1 X115.958 Y228.281 F300
G1 X115.914 Y228.336 F300
G1 X115.863 Y228.385 F300
G1 X115.806 Y228.429 F300
G1 X115.744 Y228.467 F300
G1 X115.677 Y228.5 F300
G1 X115.605 Y228.526 F300
G1 X115.529 Y228.547 F300
G1 X115.449 Y228.563 F300
G1 X115.366 Y228.572 F300
G1 X115.28 Y228.575 F300
G1 X115.182 Y228.571 F300
G1 X115.083 Y228.56 F300
G1 X114.984 Y228.541 F300
G1 X114.884 Y228.516 F300
G1 X114.785 Y228.484 F300
G1 X114.687 Y228.446 F300
G1 X114.591 Y228.402 F300
G1 X114.498 Y228.353 F300
G1 X114.408 Y228.298 F300
G1 X114.321 Y228.238 F300
G1 X114.239 Y228.174 F300
G1 X114.161 Y228.106 F300
G1 X114.089 Y228.034 F300
G1 X114.024 Y227.958 F300
G1 X113.965 Y227.879 F300
G1 X113.913 Y227.797 F300
G1 X113.87 Y227.713 F300
G1 X113.835 Y227.626 F300
G1 X113.809 Y227.538 F300
G1 X113.793 Y227.447 F300
G1 X113.788 Y227.356 F300;svg > path
G0 X66.244 Y224.731
G1 X66.247 Y224.674 F300
G1 X66.255 Y224.617 F300
G1 X66.268 Y224.56 F300
G1 X66.287 Y224.504 F300
G1 X66.312 Y224.449 F300
G1 X66.343 Y224.397 F300
G1 X66.38 Y224.346 F300
G1 X66.424 Y224.299 F300
G1 X66.474 Y224.255 F300
G1 X66.531 Y224.215 F300
G1 X66.596 Y224.18 F300
G1 X66.667 Y224.15 F300
G1 X66.746 Y224.126 F300
G1 X66.832 Y224.108 F300
G1 X66.927 Y224.097 F300
G1 X67.029 Y224.093 F300
G1 X67.139 Y224.098 F300
G1 X67.248 Y224.11 F300
G1 X67.357 Y224.131 F300
G1 X67.464 Y224.16 F300
G1 X67.57 Y224.196 F300
G1 X67.673 Y224.238 F300
G1 X67.773 Y224.287 F300
G1 X67.869 Y224.342 F300
G1 X67.961 Y224.403 F300
G1 X68.049 Y224.468 F300
G1 X68.13 Y224.538 F300
G1 X68.206 Y224.612 F300
G1 X68.275 Y224.69 F300
G1 X68.337 Y224.771 F300
G1 X68.391 Y224.856 F300
G1 X68.436 Y224.942 F300
G1 X68.473 Y225.031 F300
G1 X68.499 Y225.121 F300
G1 X68.516 Y225.213 F300
G1 X68.521 Y225.305 F300
G1 X68.517 Y225.385 F300
G1 X68.503 Y225.461 F300
G1 X68.481 Y225.531 F300
G1 X68.452 Y225.596 F300
G1 X68.414 Y225.656 F300
G1 X68.37 Y225.711 F300
G1 X68.32 Y225.76 F300
G1 X68.263 Y225.804 F300
G1 X68.201 Y225.842 F300
G1 X68.133 Y225.874 F300
G1 X68.061 Y225.901 F300
G1 X67.985 Y225.922 F300
G1 X67.905 Y225.938 F300
G1 X67.822 Y225.947 F300
G1 X67.737 Y225.95 F300
G1 X67.639 Y225.946 F300
G1 X67.54 Y225.935 F300
G1 X67.44 Y225.916 F300
G1 X67.34 Y225.891 F300
G1 X67.241 Y225.859 F300
G1 X67.144 Y225.821 F300
G1 X67.048 Y225.777 F300
G1 X66.954 Y225.728 F300
G1 X66.864 Y225.673 F300
G1 X66.778 Y225.613 F300
G1 X66.695 Y225.549 F300
G1 X66.618 Y225.481 F300
G1 X66.546 Y225.409 F300
G1 X66.48 Y225.333 F300
G1 X66.421 Y225.254 F300
G1 X66.37 Y225.172 F300
G1 X66.326 Y225.088 F300
G1 X66.291 Y225.001 F300
G1 X66.266 Y224.913 F300
G1 X66.25 Y224.822 F300
G1 X66.244 Y224.731 F300;svg > path
G0 X68.344 Y225.606
G1 X68.347 Y225.549 F300
G1 X68.355 Y225.492 F300
G1 X68.368 Y225.435 F300
G1 X68.387 Y225.379 F300
G1 X68.412 Y225.324 F300
G1 X68.443 Y225.272 F300
G1 X68.48 Y225.221 F300
G1 X68.524 Y225.174 F300
G1 X68.574 Y225.13 F300
G1 X68.631 Y225.091 F300
G1 X68.696 Y225.055 F300
G1 X68.767 Y225.025 F300
G1 X68.846 Y225.001 F300
G1 X68.932 Y224.983 F300
G1 X69.027 Y224.972 F300
G1 X69.129 Y224.968 F300
G1 X69.239 Y224.973 F300
G1 X69.348 Y224.986 F300
G1 X69.457 Y225.006 F300
G1 X69.564 Y225.035 F300
G1 X69.67 Y225.071 F300
G1 X69.773 Y225.113 F300
G1 X69.873 Y225.162 F300
G1 X69.969 Y225.217 F300
G1 X70.061 Y225.278 F300
G1 X70.149 Y225.343 F300
G1 X70.23 Y225.413 F300
G1 X70.306 Y225.487 F300
G1 X70.375 Y225.565 F300
G1 X70.437 Y225.647 F300
G1 X70.491 Y225.731 F300
G1 X70.536 Y225.817 F300
G1 X70.573 Y225.906 F300
G1 X70.599 Y225.996 F300
G1 X70.616 Y226.088 F300
G1 X70.622 Y226.18 F300
G1 X70.617 Y226.26 F300
G1 X70.603 Y226.336 F300
G1 X70.582 Y226.406 F300
G1 X70.552 Y226.471 F300
G1 X70.515 Y226.531 F300
G1 X70.47 Y226.586 F300
G1 X70.42 Y226.635 F300
G1 X70.363 Y226.679 F300
G1 X70.301 Y226.717 F300
G1 X70.233 Y226.75 F300
G1 X70.161 Y226.776 F300
G1 X70.085 Y226.797 F300
G1 X70.005 Y226.813 F300
G1 X69.922 Y226.822 F300
G1 X69.837 Y226.825 F300
G1 X69.739 Y226.821 F300
G1 X69.64 Y226.81 F300
G1 X69.54 Y226.791 F300
G1 X69.44 Y226.766 F300
G1 X69.341 Y226.734 F300
G1 X69.244 Y226.696 F300
G1 X69.148 Y226.652 F300
G1 X69.054 Y226.603 F300
G1 X68.964 Y226.548 F300
G1 X68.877 Y226.488 F300
G1 X68.795 Y226.424 F300
G1 X68.718 Y226.356 F300
G1 X68.646 Y226.284 F300
G1 X68.58 Y226.208 F300
G1 X68.521 Y226.129 F300
G1 X68.47 Y226.047 F300
G1 X68.426 Y225.963 F300
G1 X68.391 Y225.876 F300
G1 X68.366 Y225.788 F300
G1 X68.35 Y225.697 F300
G1 X68.344 Y225.606 F300;svg > path
G0 X66.244 Y227.356
G1 X66.247 Y227.299 F300
G1 X66.255 Y227.242 F300
G1 X66.268 Y227.185 F300
G1 X66.287 Y227.129 F300
G1 X66.312 Y227.074 F300
G1 X66.343 Y227.022 F300
G1 X66.38 Y226.971 F300
G1 X66.424 Y226.924 F300
G1 X66.474 Y226.88 F300
G1 X66.531 Y226.841 F300
G1 X66.596 Y226.805 F300
G1 X66.667 Y226.776 F300
G1 X66.746 Y226.751 F300
G1 X66.832 Y226.733 F300
G1 X66.927 Y226.722 F300
G1 X67.029 Y226.718 F300
G1 X67.139 Y226.723 F300
G1 X67.248 Y226.736 F300
G1 X67.357 Y226.757 F300
G1 X67.464 Y226.785 F300
G1 X67.57 Y226.821 F300
G1 X67.673 Y226.864 F300
G1 X67.773 Y226.912 F300
G1 X67.869 Y226.967 F300
G1 X67.961 Y227.028 F300
G1 X68.049 Y227.093 F300
G1 X68.13 Y227.163 F300
G1 X68.206 Y227.237 F300
G1 X68.275 Y227.315 F300
G1 X68.337 Y227.397 F300
G1 X68.391 Y227.481 F300
G1 X68.436 Y227.567 F300
G1 X68.473 Y227.656 F300
G1 X68.499 Y227.747 F300
G1 X68.516 Y227.838 F300
G1 X68.521 Y227.93 F300
G1 X68.517 Y228.011 F300
G1 X68.503 Y228.086 F300
G1 X68.481 Y228.156 F300
G1 X68.452 Y228.221 F300
G1 X68.414 Y228.281 F300
G1 X68.37 Y228.336 F300
G1 X68.32 Y228.385 F300
G1 X68.263 Y228.429 F300
G1 X68.201 Y228.467 F300
G1 X68.133 Y228.5 F300
G1 X68.061 Y228.526 F300
G1 X67.985 Y228.547 F300
G1 X67.905 Y228.563 F300
G1 X67.822 Y228.572 F300
G1 X67.737 Y228.575 F300
G1 X67.639 Y228.571 F300
G1 X67.54 Y228.56 F300
G1 X67.44 Y228.541 F300
G1 X67.34 Y228.516 F300
G1 X67.241 Y228.484 F300
G1 X67.144 Y228.446 F300
G1 X67.048 Y228.402 F300
G1 X66.954 Y228.353 F300
G1 X66.864 Y228.298 F300
G1 X66.778 Y228.238 F300
G1 X66.695 Y228.174 F300
G1 X66.618 Y228.106 F300
G1 X66.546 Y228.034 F300
G1 X66.48 Y227.958 F300
G1 X66.421 Y227.879 F300
G1 X66.37 Y227.797 F300
G1 X66.326 Y227.713 F300
G1 X66.291 Y227.626 F300
G1 X66.266 Y227.538 F300
G1 X66.25 Y227.447 F300
G1 X66.244 Y227.356 F300;svg > path
G0 X188.284 Y229.106
G1 X188.287 Y229.049 F300
G1 X188.295 Y228.992 F300
G1 X188.308 Y228.935 F300
G1 X188.327 Y228.879 F300
G1 X188.352 Y228.824 F300
G1 X188.383 Y228.772 F300
G1 X188.42 Y228.721 F300
G1 X188.464 Y228.674 F300
G1 X188.514 Y228.63 F300
G1 X188.571 Y228.59 F300
G1 X188.635 Y228.555 F300
G1 X188.707 Y228.525 F300
G1 X188.786 Y228.501 F300
G1 X188.872 Y228.483 F300
G1 X188.966 Y228.472 F300
G1 X189.069 Y228.468 F300
G1 X189.178 Y228.473 F300
G1 X189.288 Y228.485 F300
G1 X189.396 Y228.506 F300
G1 X189.504 Y228.535 F300
G1 X189.609 Y228.571 F300
G1 X189.712 Y228.613 F300
G1 X189.813 Y228.662 F300
G1 X189.909 Y228.717 F300
G1 X190.001 Y228.778 F300
G1 X190.088 Y228.843 F300
G1 X190.17 Y228.913 F300
G1 X190.246 Y228.987 F300
G1 X190.315 Y229.065 F300
G1 X190.377 Y229.147 F300
G1 X190.43 Y229.231 F300
G1 X190.476 Y229.318 F300
G1 X190.512 Y229.406 F300
G1 X190.539 Y229.497 F300
G1 X190.556 Y229.588 F300
G1 X190.561 Y229.68 F300
G1 X190.557 Y229.761 F300
G1 X190.543 Y229.836 F300
G1 X190.521 Y229.906 F300
G1 X190.491 Y229.971 F300
G1 X190.454 Y230.031 F300
G1 X190.41 Y230.086 F300
G1 X190.359 Y230.135 F300
G1 X190.303 Y230.179 F300
G1 X190.24 Y230.217 F300
G1 X190.173 Y230.25 F300
G1 X190.101 Y230.276 F300
G1 X190.025 Y230.298 F300
G1 X189.945 Y230.313 F300
G1 X189.862 Y230.322 F300
G1 X189.776 Y230.325 F300
G1 X189.678 Y230.321 F300
G1 X189.579 Y230.31 F300
G1 X189.48 Y230.291 F300
G1 X189.38 Y230.266 F300
G1 X189.281 Y230.234 F300
G1 X189.183 Y230.196 F300
G1 X189.087 Y230.152 F300
G1 X188.994 Y230.103 F300
G1 X188.904 Y230.048 F300
G1 X188.817 Y229.989 F300
G1 X188.735 Y229.924 F300
G1 X188.657 Y229.856 F300
G1 X188.586 Y229.784 F300
G1 X188.52 Y229.708 F300
G1 X188.461 Y229.629 F300
G1 X188.41 Y229.547 F300
G1 X188.366 Y229.463 F300
G1 X188.331 Y229.376 F300
G1 X188.305 Y229.288 F300
G1 X188.289 Y229.197 F300
G1 X188.284 Y229.106 F300;svg > path
G0 X72.212 Y224.731
G1 X72.215 Y224.674 F300
G1 X72.223 Y224.617 F300
G1 X72.236 Y224.56 F300
G1 X72.255 Y224.504 F300
G1 X72.28 Y224.449 F300
G1 X72.311 Y224.397 F300
G1 X72.348 Y224.346 F300
G1 X72.392 Y224.299 F300
G1 X72.442 Y224.255 F300
G1 X72.499 Y224.215 F300
G1 X72.563 Y224.18 F300
G1 X72.635 Y224.15 F300
G1 X72.714 Y224.126 F300
G1 X72.8 Y224.108 F300
G1 X72.895 Y224.097 F300
G1 X72.997 Y224.093 F300
G1 X73.106 Y224.098 F300
G1 X73.216 Y224.11 F300
G1 X73.324 Y224.131 F300
G1 X73.432 Y224.16 F300
G1 X73.537 Y224.196 F300
G1 X73.641 Y224.238 F300
G1 X73.741 Y224.287 F300
G1 X73.837 Y224.342 F300
G1 X73.929 Y224.403 F300
G1 X74.016 Y224.468 F300
G1 X74.098 Y224.538 F300
G1 X74.174 Y224.612 F300
G1 X74.243 Y224.69 F300
G1 X74.305 Y224.771 F300
G1 X74.359 Y224.856 F300
G1 X74.404 Y224.942 F300
G1 X74.44 Y225.031 F300
G1 X74.467 Y225.121 F300
G1 X74.484 Y225.213 F300
G1 X74.489 Y225.305 F300
G1 X74.485 Y225.385 F300
G1 X74.471 Y225.461 F300
G1 X74.449 Y225.531 F300
G1 X74.42 Y225.596 F300
G1 X74.382 Y225.656 F300
G1 X74.338 Y225.711 F300
G1 X74.287 Y225.76 F300
G1 X74.231 Y225.804 F300
G1 X74.168 Y225.842 F300
G1 X74.101 Y225.874 F300
G1 X74.029 Y225.901 F300
G1 X73.953 Y225.922 F300
G1 X73.873 Y225.938 F300
G1 X73.79 Y225.947 F300
G1 X73.704 Y225.95 F300
G1 X73.607 Y225.946 F300
G1 X73.508 Y225.935 F300
G1 X73.408 Y225.916 F300
G1 X73.308 Y225.891 F300
G1 X73.209 Y225.859 F300
G1 X73.111 Y225.821 F300
G1 X73.016 Y225.777 F300
G1 X72.922 Y225.728 F300
G1 X72.832 Y225.673 F300
G1 X72.745 Y225.613 F300
G1 X72.663 Y225.549 F300
G1 X72.586 Y225.481 F300
G1 X72.514 Y225.409 F300
G1 X72.448 Y225.333 F300
G1 X72.389 Y225.254 F300
G1 X72.338 Y225.172 F300
G1 X72.294 Y225.088 F300
G1 X72.259 Y225.001 F300
G1 X72.233 Y224.913 F300
G1 X72.218 Y224.822 F300
G1 X72.212 Y224.731 F300;svg > path
G0 X143.018 Y223.856
G1 X143.02 Y223.799 F300
G1 X143.028 Y223.742 F300
G1 X143.042 Y223.685 F300
G1 X143.061 Y223.629 F300
G1 X143.086 Y223.574 F300
G1 X143.117 Y223.522 F300
G1 X143.154 Y223.471 F300
G1 X143.197 Y223.424 F300
G1 X143.248 Y223.38 F300
G1 X143.305 Y223.34 F300
G1 X143.369 Y223.305 F300
G1 X143.441 Y223.275 F300
G1 X143.519 Y223.251 F300
G1 X143.606 Y223.233 F300
G1 X143.7 Y223.222 F300
G1 X143.803 Y223.218 F300
G1 X143.912 Y223.223 F300
G1 X144.021 Y223.235 F300
G1 X144.13 Y223.256 F300
G1 X144.237 Y223.285 F300
G1 X144.343 Y223.321 F300
G1 X144.446 Y223.363 F300
G1 X144.546 Y223.412 F300
G1 X144.643 Y223.467 F300
G1 X144.735 Y223.528 F300
G1 X144.822 Y223.593 F300
G1 X144.904 Y223.663 F300
G1 X144.979 Y223.737 F300
G1 X145.048 Y223.815 F300
G1 X145.11 Y223.897 F300
G1 X145.164 Y223.981 F300
G1 X145.21 Y224.067 F300
G1 X145.246 Y224.156 F300
G1 X145.273 Y224.246 F300
G1 X145.289 Y224.338 F300
G1 X145.295 Y224.43 F300
G1 X145.29 Y224.51 F300
G1 X145.277 Y224.586 F300
G1 X145.255 Y224.656 F300
G1 X145.225 Y224.721 F300
G1 X145.188 Y224.781 F300
G1 X145.144 Y224.836 F300
G1 X145.093 Y224.885 F300
G1 X145.036 Y224.929 F300
G1 X144.974 Y224.967 F300
G1 X144.907 Y225 F300
G1 X144.835 Y225.026 F300
G1 X144.759 Y225.048 F300
G1 X144.679 Y225.063 F300
G1 X144.596 Y225.072 F300
G1 X144.51 Y225.075 F300
G1 X144.412 Y225.071 F300
G1 X144.313 Y225.06 F300
G1 X144.213 Y225.041 F300
G1 X144.114 Y225.016 F300
G1 X144.015 Y224.984 F300
G1 X143.917 Y224.946 F300
G1 X143.821 Y224.902 F300
G1 X143.728 Y224.853 F300
G1 X143.637 Y224.798 F300
G1 X143.551 Y224.738 F300
G1 X143.469 Y224.674 F300
G1 X143.391 Y224.606 F300
G1 X143.319 Y224.534 F300
G1 X143.254 Y224.458 F300
G1 X143.195 Y224.379 F300
G1 X143.143 Y224.297 F300
G1 X143.1 Y224.213 F300
G1 X143.065 Y224.126 F300
G1 X143.039 Y224.038 F300
G1 X143.023 Y223.947 F300
G1 X143.018 Y223.856 F300;svg > path
G0 X143.018 Y225.606
G1 X143.02 Y225.549 F300
G1 X143.028 Y225.492 F300
G1 X143.042 Y225.435 F300
G1 X143.061 Y225.379 F300
G1 X143.086 Y225.324 F300
G1 X143.117 Y225.272 F300
G1 X143.154 Y225.221 F300
G1 X143.197 Y225.174 F300
G1 X143.248 Y225.13 F300
G1 X143.305 Y225.091 F300
G1 X143.369 Y225.055 F300
G1 X143.441 Y225.025 F300
G1 X143.519 Y225.001 F300
G1 X143.606 Y224.983 F300
G1 X143.7 Y224.972 F300
G1 X143.803 Y224.968 F300
G1 X143.912 Y224.973 F300
G1 X144.021 Y224.986 F300
G1 X144.13 Y225.006 F300
G1 X144.237 Y225.035 F300
G1 X144.343 Y225.071 F300
G1 X144.446 Y225.113 F300
G1 X144.546 Y225.162 F300
G1 X144.643 Y225.217 F300
G1 X144.735 Y225.278 F300
G1 X144.822 Y225.343 F300
G1 X144.904 Y225.413 F300
G1 X144.979 Y225.487 F300
G1 X145.048 Y225.565 F300
G1 X145.11 Y225.647 F300
G1 X145.164 Y225.731 F300
G1 X145.21 Y225.817 F300
G1 X145.246 Y225.906 F300
G1 X145.273 Y225.996 F300
G1 X145.289 Y226.088 F300
G1 X145.295 Y226.18 F300
G1 X145.29 Y226.26 F300
G1 X145.277 Y226.336 F300
G1 X145.255 Y226.406 F300
G1 X145.225 Y226.471 F300
G1 X145.188 Y226.531 F300
G1 X145.144 Y226.586 F300
G1 X145.093 Y226.635 F300
G1 X145.036 Y226.679 F300
G1 X144.974 Y226.717 F300
G1 X144.907 Y226.75 F300
G1 X144.835 Y226.776 F300
G1 X144.759 Y226.797 F300
G1 X144.679 Y226.813 F300
G1 X144.596 Y226.822 F300
G1 X144.51 Y226.825 F300
G1 X144.412 Y226.821 F300
G1 X144.313 Y226.81 F300
G1 X144.213 Y226.791 F300
G1 X144.114 Y226.766 F300
G1 X144.015 Y226.734 F300
G1 X143.917 Y226.696 F300
G1 X143.821 Y226.652 F300
G1 X143.728 Y226.603 F300
G1 X143.637 Y226.548 F300
G1 X143.551 Y226.488 F300
G1 X143.469 Y226.424 F300
G1 X143.391 Y226.356 F300
G1 X143.319 Y226.284 F300
G1 X143.254 Y226.208 F300
G1 X143.195 Y226.129 F300
G1 X143.143 Y226.047 F300
G1 X143.1 Y225.963 F300
G1 X143.065 Y225.876 F300
G1 X143.039 Y225.788 F300
G1 X143.023 Y225.697 F300
G1 X143.018 Y225.606 F300;svg > path
G0 X143.018 Y227.356
G1 X143.02 Y227.299 F300
G1 X143.028 Y227.242 F300
G1 X143.042 Y227.185 F300
G1 X143.061 Y227.129 F300
G1 X143.086 Y227.074 F300
G1 X143.117 Y227.022 F300
G1 X143.154 Y226.971 F300
G1 X143.197 Y226.924 F300
G1 X143.248 Y226.88 F300
G1 X143.305 Y226.841 F300
G1 X143.369 Y226.805 F300
G1 X143.441 Y226.776 F300
G1 X143.519 Y226.751 F300
G1 X143.606 Y226.733 F300
G1 X143.7 Y226.722 F300
G1 X143.803 Y226.718 F300
G1 X143.912 Y226.723 F300
G1 X144.021 Y226.736 F300
G1 X144.13 Y226.757 F300
G1 X144.237 Y226.785 F300
G1 X144.343 Y226.821 F300
G1 X144.446 Y226.864 F300
G1 X144.546 Y226.912 F300
G1 X144.643 Y226.967 F300
G1 X144.735 Y227.028 F300
G1 X144.822 Y227.093 F300
G1 X144.904 Y227.163 F300
G1 X144.979 Y227.237 F300
G1 X145.048 Y227.315 F300
G1 X145.11 Y227.397 F300
G1 X145.164 Y227.481 F300
G1 X145.21 Y227.567 F300
G1 X145.246 Y227.656 F300
G1 X145.273 Y227.747 F300
G1 X145.289 Y227.838 F300
G1 X145.295 Y227.93 F300
G1 X145.29 Y228.011 F300
G1 X145.277 Y228.086 F300
G1 X145.255 Y228.156 F300
G1 X145.225 Y228.221 F300
G1 X145.188 Y228.281 F300
G1 X145.144 Y228.336 F300
G1 X145.093 Y228.385 F300
G1 X145.036 Y228.429 F300
G1 X144.974 Y228.467 F300
G1 X144.907 Y228.5 F300
G1 X144.835 Y228.526 F300
G1 X144.759 Y228.547 F300
G1 X144.679 Y228.563 F300
G1 X144.596 Y228.572 F300
G1 X144.51 Y228.575 F300
G1 X144.412 Y228.571 F300
G1 X144.313 Y228.56 F300
G1 X144.213 Y228.541 F300
G1 X144.114 Y228.516 F300
G1 X144.015 Y228.484 F300
G1 X143.917 Y228.446 F300
G1 X143.821 Y228.402 F300
G1 X143.728 Y228.353 F300
G1 X143.637 Y228.298 F300
G1 X143.551 Y228.238 F300
G1 X143.469 Y228.174 F300
G1 X143.391 Y228.106 F300
G1 X143.319 Y228.034 F300
G1 X143.254 Y227.958 F300
G1 X143.195 Y227.879 F300
G1 X143.143 Y227.797 F300
G1 X143.1 Y227.713 F300
G1 X143.065 Y227.626 F300
G1 X143.039 Y227.538 F300
G1 X143.023 Y227.447 F300
G1 X143.018 Y227.356 F300;svg > path
G0 X74.312 Y225.606
G1 X74.315 Y225.549 F300
G1 X74.323 Y225.492 F300
G1 X74.336 Y225.435 F300
G1 X74.355 Y225.379 F300
G1 X74.38 Y225.324 F300
G1 X74.411 Y225.272 F300
G1 X74.448 Y225.221 F300
G1 X74.492 Y225.174 F300
G1 X74.542 Y225.13 F300
G1 X74.599 Y225.091 F300
G1 X74.664 Y225.055 F300
G1 X74.735 Y225.025 F300
G1 X74.814 Y225.001 F300
G1 X74.9 Y224.983 F300
G1 X74.995 Y224.972 F300
G1 X75.097 Y224.968 F300
G1 X75.206 Y224.973 F300
G1 X75.316 Y224.986 F300
G1 X75.425 Y225.006 F300
G1 X75.532 Y225.035 F300
G1 X75.638 Y225.071 F300
G1 X75.741 Y225.113 F300
G1 X75.841 Y225.162 F300
G1 X75.937 Y225.217 F300
G1 X76.029 Y225.278 F300
G1 X76.116 Y225.343 F300
G1 X76.198 Y225.413 F300
G1 X76.274 Y225.487 F300
G1 X76.343 Y225.565 F300
G1 X76.405 Y225.647 F300
G1 X76.459 Y225.731 F300
G1 X76.504 Y225.817 F300
G1 X76.54 Y225.906 F300
G1 X76.567 Y225.996 F300
G1 X76.584 Y226.088 F300
G1 X76.589 Y226.18 F300
G1 X76.585 Y226.26 F300
G1 X76.571 Y226.336 F300
G1 X76.549 Y226.406 F300
G1 X76.52 Y226.471 F300
G1 X76.482 Y226.531 F300
G1 X76.438 Y226.586 F300
G1 X76.387 Y226.635 F300
G1 X76.331 Y226.679 F300
G1 X76.268 Y226.717 F300
G1 X76.201 Y226.75 F300
G1 X76.129 Y226.776 F300
G1 X76.053 Y226.797 F300
G1 X75.973 Y226.813 F300
G1 X75.89 Y226.822 F300
G1 X75.805 Y226.825 F300
G1 X75.707 Y226.821 F300
G1 X75.608 Y226.81 F300
G1 X75.508 Y226.791 F300
G1 X75.408 Y226.766 F300
G1 X75.309 Y226.734 F300
G1 X75.211 Y226.696 F300
G1 X75.116 Y226.652 F300
G1 X75.022 Y226.603 F300
G1 X74.932 Y226.548 F300
G1 X74.845 Y226.488 F300
G1 X74.763 Y226.424 F300
G1 X74.686 Y226.356 F300
G1 X74.614 Y226.284 F300
G1 X74.548 Y226.208 F300
G1 X74.489 Y226.129 F300
G1 X74.438 Y226.047 F300
G1 X74.394 Y225.963 F300
G1 X74.359 Y225.876 F300
G1 X74.333 Y225.788 F300
G1 X74.318 Y225.697 F300
G1 X74.312 Y225.606 F300;svg > path
G0 X72.212 Y227.356
G1 X72.215 Y227.299 F300
G1 X72.223 Y227.242 F300
G1 X72.236 Y227.185 F300
G1 X72.255 Y227.129 F300
G1 X72.28 Y227.074 F300
G1 X72.311 Y227.022 F300
G1 X72.348 Y226.971 F300
G1 X72.392 Y226.924 F300
G1 X72.442 Y226.88 F300
G1 X72.499 Y226.841 F300
G1 X72.563 Y226.805 F300
G1 X72.635 Y226.776 F300
G1 X72.714 Y226.751 F300
G1 X72.8 Y226.733 F300
G1 X72.895 Y226.722 F300
G1 X72.997 Y226.718 F300
G1 X73.106 Y226.723 F300
G1 X73.216 Y226.736 F300
G1 X73.324 Y226.757 F300
G1 X73.432 Y226.785 F300
G1 X73.537 Y226.821 F300
G1 X73.641 Y226.864 F300
G1 X73.741 Y226.912 F300
G1 X73.837 Y226.967 F300
G1 X73.929 Y227.028 F300
G1 X74.016 Y227.093 F300
G1 X74.098 Y227.163 F300
G1 X74.174 Y227.237 F300
G1 X74.243 Y227.315 F300
G1 X74.305 Y227.397 F300
G1 X74.359 Y227.481 F300
G1 X74.404 Y227.567 F300
G1 X74.44 Y227.656 F300
G1 X74.467 Y227.747 F300
G1 X74.484 Y227.838 F300
G1 X74.489 Y227.93 F300
G1 X74.485 Y228.011 F300
G1 X74.471 Y228.086 F300
G1 X74.449 Y228.156 F300
G1 X74.42 Y228.221 F300
G1 X74.382 Y228.281 F300
G1 X74.338 Y228.336 F300
G1 X74.287 Y228.385 F300
G1 X74.231 Y228.429 F300
G1 X74.168 Y228.467 F300
G1 X74.101 Y228.5 F300
G1 X74.029 Y228.526 F300
G1 X73.953 Y228.547 F300
G1 X73.873 Y228.563 F300
G1 X73.79 Y228.572 F300
G1 X73.704 Y228.575 F300
G1 X73.607 Y228.571 F300
G1 X73.508 Y228.56 F300
G1 X73.408 Y228.541 F300
G1 X73.308 Y228.516 F300
G1 X73.209 Y228.484 F300
G1 X73.111 Y228.446 F300
G1 X73.016 Y228.402 F300
G1 X72.922 Y228.353 F300
G1 X72.832 Y228.298 F300
G1 X72.745 Y228.238 F300
G1 X72.663 Y228.174 F300
G1 X72.586 Y228.106 F300
G1 X72.514 Y228.034 F300
G1 X72.448 Y227.958 F300
G1 X72.389 Y227.879 F300
G1 X72.338 Y227.797 F300
G1 X72.294 Y227.713 F300
G1 X72.259 Y227.626 F300
G1 X72.233 Y227.538 F300
G1 X72.218 Y227.447 F300
G1 X72.212 Y227.356 F300;svg > path
G0 X108.442 Y229.106
G1 X108.445 Y229.049 F300
G1 X108.453 Y228.992 F300
G1 X108.466 Y228.935 F300
G1 X108.485 Y228.879 F300
G1 X108.51 Y228.824 F300
G1 X108.541 Y228.772 F300
G1 X108.578 Y228.721 F300
G1 X108.622 Y228.674 F300
G1 X108.672 Y228.63 F300
G1 X108.729 Y228.59 F300
G1 X108.794 Y228.555 F300
G1 X108.865 Y228.525 F300
G1 X108.944 Y228.501 F300
G1 X109.03 Y228.483 F300
G1 X109.125 Y228.472 F300
G1 X109.227 Y228.468 F300
G1 X109.337 Y228.473 F300
G1 X109.446 Y228.485 F300
G1 X109.555 Y228.506 F300
G1 X109.662 Y228.535 F300
G1 X109.768 Y228.571 F300
G1 X109.871 Y228.613 F300
G1 X109.971 Y228.662 F300
G1 X110.067 Y228.717 F300
G1 X110.159 Y228.778 F300
G1 X110.247 Y228.843 F300
G1 X110.328 Y228.913 F300
G1 X110.404 Y228.987 F300
G1 X110.473 Y229.065 F300
G1 X110.535 Y229.147 F300
G1 X110.589 Y229.231 F300
G1 X110.634 Y229.318 F300
G1 X110.671 Y229.406 F300
G1 X110.697 Y229.497 F300
G1 X110.714 Y229.588 F300
G1 X110.719 Y229.68 F300
G1 X110.715 Y229.761 F300
G1 X110.701 Y229.836 F300
G1 X110.68 Y229.906 F300
G1 X110.65 Y229.971 F300
G1 X110.613 Y230.031 F300
G1 X110.568 Y230.086 F300
G1 X110.518 Y230.135 F300
G1 X110.461 Y230.179 F300
G1 X110.399 Y230.217 F300
G1 X110.331 Y230.25 F300
G1 X110.259 Y230.276 F300
G1 X110.183 Y230.298 F300
G1 X110.103 Y230.313 F300
G1 X110.02 Y230.322 F300
G1 X109.935 Y230.325 F300
G1 X109.837 Y230.321 F300
G1 X109.738 Y230.31 F300
G1 X109.638 Y230.291 F300
G1 X109.538 Y230.266 F300
G1 X109.439 Y230.234 F300
G1 X109.342 Y230.196 F300
G1 X109.246 Y230.152 F300
G1 X109.152 Y230.103 F300
G1 X109.062 Y230.048 F300
G1 X108.975 Y229.989 F300
G1 X108.893 Y229.924 F300
G1 X108.816 Y229.856 F300
G1 X108.744 Y229.784 F300
G1 X108.678 Y229.708 F300
G1 X108.619 Y229.629 F300
G1 X108.568 Y229.547 F300
G1 X108.524 Y229.463 F300
G1 X108.489 Y229.376 F300
G1 X108.464 Y229.288 F300
G1 X108.448 Y229.197 F300
G1 X108.442 Y229.106 F300;svg > path
G0 X177.593 Y229.981
G1 X177.596 Y229.924 F300
G1 X177.604 Y229.867 F300
G1 X177.617 Y229.81 F300
G1 X177.636 Y229.754 F300
G1 X177.661 Y229.699 F300
G1 X177.692 Y229.647 F300
G1 X177.729 Y229.596 F300
G1 X177.773 Y229.549 F300
G1 X177.823 Y229.505 F300
G1 X177.88 Y229.465 F300
G1 X177.944 Y229.43 F300
G1 X178.016 Y229.4 F300
G1 X178.095 Y229.376 F300
G1 X178.181 Y229.358 F300
G1 X178.276 Y229.347 F300
G1 X178.378 Y229.343 F300
G1 X178.487 Y229.348 F300
G1 X178.597 Y229.36 F300
G1 X178.705 Y229.381 F300
G1 X178.813 Y229.41 F300
G1 X178.918 Y229.446 F300
G1 X179.021 Y229.488 F300
G1 X179.121 Y229.537 F300
G1 X179.218 Y229.592 F300
G1 X179.31 Y229.653 F300
G1 X179.397 Y229.718 F300
G1 X179.479 Y229.788 F300
G1 X179.555 Y229.862 F300
G1 X179.624 Y229.94 F300
G1 X179.685 Y230.022 F300
G1 X179.739 Y230.106 F300
G1 X179.785 Y230.192 F300
G1 X179.821 Y230.281 F300
G1 X179.848 Y230.371 F300
G1 X179.864 Y230.463 F300
G1 X179.87 Y230.555 F300
G1 X179.866 Y230.635 F300
G1 X179.852 Y230.711 F300
G1 X179.83 Y230.781 F300
G1 X179.8 Y230.846 F300
G1 X179.763 Y230.906 F300
G1 X179.719 Y230.961 F300
G1 X179.668 Y231.01 F300
G1 X179.612 Y231.054 F300
G1 X179.549 Y231.092 F300
G1 X179.482 Y231.125 F300
G1 X179.41 Y231.151 F300
G1 X179.334 Y231.173 F300
G1 X179.254 Y231.188 F300
G1 X179.171 Y231.197 F300
G1 X179.085 Y231.2 F300
G1 X178.988 Y231.196 F300
G1 X178.888 Y231.185 F300
G1 X178.789 Y231.166 F300
G1 X178.689 Y231.141 F300
G1 X178.59 Y231.109 F300
G1 X178.492 Y231.071 F300
G1 X178.397 Y231.027 F300
G1 X178.303 Y230.978 F300
G1 X178.213 Y230.923 F300
G1 X178.126 Y230.863 F300
G1 X178.044 Y230.799 F300
G1 X177.967 Y230.731 F300
G1 X177.895 Y230.659 F300
G1 X177.829 Y230.583 F300
G1 X177.77 Y230.504 F300
G1 X177.719 Y230.422 F300
G1 X177.675 Y230.338 F300
G1 X177.64 Y230.251 F300
G1 X177.614 Y230.163 F300
G1 X177.599 Y230.072 F300
G1 X177.593 Y229.981 F300;svg > path
G0 X54.309 Y224.731
G1 X54.311 Y224.674 F300
G1 X54.319 Y224.617 F300
G1 X54.333 Y224.56 F300
G1 X54.352 Y224.504 F300
G1 X54.377 Y224.449 F300
G1 X54.408 Y224.397 F300
G1 X54.445 Y224.346 F300
G1 X54.488 Y224.299 F300
G1 X54.539 Y224.255 F300
G1 X54.596 Y224.215 F300
G1 X54.66 Y224.18 F300
G1 X54.732 Y224.15 F300
G1 X54.811 Y224.126 F300
G1 X54.897 Y224.108 F300
G1 X54.991 Y224.097 F300
G1 X55.094 Y224.093 F300
G1 X55.203 Y224.098 F300
G1 X55.312 Y224.11 F300
G1 X55.421 Y224.131 F300
G1 X55.529 Y224.16 F300
G1 X55.634 Y224.196 F300
G1 X55.737 Y224.238 F300
G1 X55.837 Y224.287 F300
G1 X55.934 Y224.342 F300
G1 X56.026 Y224.403 F300
G1 X56.113 Y224.468 F300
G1 X56.195 Y224.538 F300
G1 X56.27 Y224.612 F300
G1 X56.34 Y224.69 F300
G1 X56.401 Y224.771 F300
G1 X56.455 Y224.856 F300
G1 X56.501 Y224.942 F300
G1 X56.537 Y225.031 F300
G1 X56.564 Y225.121 F300
G1 X56.58 Y225.213 F300
G1 X56.586 Y225.305 F300
G1 X56.581 Y225.385 F300
G1 X56.568 Y225.461 F300
G1 X56.546 Y225.531 F300
G1 X56.516 Y225.596 F300
G1 X56.479 Y225.656 F300
G1 X56.435 Y225.711 F300
G1 X56.384 Y225.76 F300
G1 X56.327 Y225.804 F300
G1 X56.265 Y225.842 F300
G1 X56.198 Y225.874 F300
G1 X56.126 Y225.901 F300
G1 X56.05 Y225.922 F300
G1 X55.97 Y225.938 F300
G1 X55.887 Y225.947 F300
G1 X55.801 Y225.95 F300
G1 X55.703 Y225.946 F300
G1 X55.604 Y225.935 F300
G1 X55.505 Y225.916 F300
G1 X55.405 Y225.891 F300
G1 X55.306 Y225.859 F300
G1 X55.208 Y225.821 F300
G1 X55.112 Y225.777 F300
G1 X55.019 Y225.728 F300
G1 X54.929 Y225.673 F300
G1 X54.842 Y225.613 F300
G1 X54.76 Y225.549 F300
G1 X54.682 Y225.481 F300
G1 X54.61 Y225.409 F300
G1 X54.545 Y225.333 F300
G1 X54.486 Y225.254 F300
G1 X54.434 Y225.172 F300
G1 X54.391 Y225.088 F300
G1 X54.356 Y225.001 F300
G1 X54.33 Y224.913 F300
G1 X54.314 Y224.822 F300
G1 X54.309 Y224.731 F300;svg > path
G0 X148.363 Y223.856
G1 X148.366 Y223.799 F300
G1 X148.374 Y223.742 F300
G1 X148.387 Y223.685 F300
G1 X148.406 Y223.629 F300
G1 X148.431 Y223.574 F300
G1 X148.462 Y223.522 F300
G1 X148.499 Y223.471 F300
G1 X148.543 Y223.424 F300
G1 X148.593 Y223.38 F300
G1 X148.65 Y223.34 F300
G1 X148.715 Y223.305 F300
G1 X148.786 Y223.275 F300
G1 X148.865 Y223.251 F300
G1 X148.951 Y223.233 F300
G1 X149.046 Y223.222 F300
G1 X149.148 Y223.218 F300
G1 X149.257 Y223.223 F300
G1 X149.367 Y223.235 F300
G1 X149.475 Y223.256 F300
G1 X149.583 Y223.285 F300
G1 X149.688 Y223.321 F300
G1 X149.792 Y223.363 F300
G1 X149.892 Y223.412 F300
G1 X149.988 Y223.467 F300
G1 X150.08 Y223.528 F300
G1 X150.167 Y223.593 F300
G1 X150.249 Y223.663 F300
G1 X150.325 Y223.737 F300
G1 X150.394 Y223.815 F300
G1 X150.456 Y223.897 F300
G1 X150.509 Y223.981 F300
G1 X150.555 Y224.067 F300
G1 X150.591 Y224.156 F300
G1 X150.618 Y224.246 F300
G1 X150.635 Y224.338 F300
G1 X150.64 Y224.43 F300
G1 X150.636 Y224.51 F300
G1 X150.622 Y224.586 F300
G1 X150.6 Y224.656 F300
G1 X150.571 Y224.721 F300
G1 X150.533 Y224.781 F300
G1 X150.489 Y224.836 F300
G1 X150.438 Y224.885 F300
G1 X150.382 Y224.929 F300
G1 X150.319 Y224.967 F300
G1 X150.252 Y225 F300
G1 X150.18 Y225.026 F300
G1 X150.104 Y225.048 F300
G1 X150.024 Y225.063 F300
G1 X149.941 Y225.072 F300
G1 X149.856 Y225.075 F300
G1 X149.758 Y225.071 F300
G1 X149.659 Y225.06 F300
G1 X149.559 Y225.041 F300
G1 X149.459 Y225.016 F300
G1 X149.36 Y224.984 F300
G1 X149.262 Y224.946 F300
G1 X149.167 Y224.902 F300
G1 X149.073 Y224.853 F300
G1 X148.983 Y224.798 F300
G1 X148.896 Y224.738 F300
G1 X148.814 Y224.674 F300
G1 X148.737 Y224.606 F300
G1 X148.665 Y224.534 F300
G1 X148.599 Y224.458 F300
G1 X148.54 Y224.379 F300
G1 X148.489 Y224.297 F300
G1 X148.445 Y224.213 F300
G1 X148.41 Y224.126 F300
G1 X148.385 Y224.038 F300
G1 X148.369 Y223.947 F300
G1 X148.363 Y223.856 F300;svg > path
G0 X148.363 Y225.606
G1 X148.366 Y225.549 F300
G1 X148.374 Y225.492 F300
G1 X148.387 Y225.435 F300
G1 X148.406 Y225.379 F300
G1 X148.431 Y225.324 F300
G1 X148.462 Y225.272 F300
G1 X148.499 Y225.221 F300
G1 X148.543 Y225.174 F300
G1 X148.593 Y225.13 F300
G1 X148.65 Y225.091 F300
G1 X148.715 Y225.055 F300
G1 X148.786 Y225.025 F300
G1 X148.865 Y225.001 F300
G1 X148.951 Y224.983 F300
G1 X149.046 Y224.972 F300
G1 X149.148 Y224.968 F300
G1 X149.257 Y224.973 F300
G1 X149.367 Y224.986 F300
G1 X149.475 Y225.006 F300
G1 X149.583 Y225.035 F300
G1 X149.688 Y225.071 F300
G1 X149.792 Y225.113 F300
G1 X149.892 Y225.162 F300
G1 X149.988 Y225.217 F300
G1 X150.08 Y225.278 F300
G1 X150.167 Y225.343 F300
G1 X150.249 Y225.413 F300
G1 X150.325 Y225.487 F300
G1 X150.394 Y225.565 F300
G1 X150.456 Y225.647 F300
G1 X150.509 Y225.731 F300
G1 X150.555 Y225.817 F300
G1 X150.591 Y225.906 F300
G1 X150.618 Y225.996 F300
G1 X150.635 Y226.088 F300
G1 X150.64 Y226.18 F300
G1 X150.636 Y226.26 F300
G1 X150.622 Y226.336 F300
G1 X150.6 Y226.406 F300
G1 X150.571 Y226.471 F300
G1 X150.533 Y226.531 F300
G1 X150.489 Y226.586 F300
G1 X150.438 Y226.635 F300
G1 X150.382 Y226.679 F300
G1 X150.319 Y226.717 F300
G1 X150.252 Y226.75 F300
G1 X150.18 Y226.776 F300
G1 X150.104 Y226.797 F300
G1 X150.024 Y226.813 F300
G1 X149.941 Y226.822 F300
G1 X149.856 Y226.825 F300
G1 X149.758 Y226.821 F300
G1 X149.659 Y226.81 F300
G1 X149.559 Y226.791 F300
G1 X149.459 Y226.766 F300
G1 X149.36 Y226.734 F300
G1 X149.262 Y226.696 F300
G1 X149.167 Y226.652 F300
G1 X149.073 Y226.603 F300
G1 X148.983 Y226.548 F300
G1 X148.896 Y226.488 F300
G1 X148.814 Y226.424 F300
G1 X148.737 Y226.356 F300
G1 X148.665 Y226.284 F300
G1 X148.599 Y226.208 F300
G1 X148.54 Y226.129 F300
G1 X148.489 Y226.047 F300
G1 X148.445 Y225.963 F300
G1 X148.41 Y225.876 F300
G1 X148.385 Y225.788 F300
G1 X148.369 Y225.697 F300
G1 X148.363 Y225.606 F300;svg > path
G0 X148.363 Y227.356
G1 X148.366 Y227.299 F300
G1 X148.374 Y227.242 F300
G1 X148.387 Y227.185 F300
G1 X148.406 Y227.129 F300
G1 X148.431 Y227.074 F300
G1 X148.462 Y227.022 F300
G1 X148.499 Y226.971 F300
G1 X148.543 Y226.924 F300
G1 X148.593 Y226.88 F300
G1 X148.65 Y226.841 F300
G1 X148.715 Y226.805 F300
G1 X148.786 Y226.776 F300
G1 X148.865 Y226.751 F300
G1 X148.951 Y226.733 F300
G1 X149.046 Y226.722 F300
G1 X149.148 Y226.718 F300
G1 X149.257 Y226.723 F300
G1 X149.367 Y226.736 F300
G1 X149.475 Y226.757 F300
G1 X149.583 Y226.785 F300
G1 X149.688 Y226.821 F300
G1 X149.792 Y226.864 F300
G1 X149.892 Y226.912 F300
G1 X149.988 Y226.967 F300
G1 X150.08 Y227.028 F300
G1 X150.167 Y227.093 F300
G1 X150.249 Y227.163 F300
G1 X150.325 Y227.237 F300
G1 X150.394 Y227.315 F300
G1 X150.456 Y227.397 F300
G1 X150.509 Y227.481 F300
G1 X150.555 Y227.567 F300
G1 X150.591 Y227.656 F300
G1 X150.618 Y227.747 F300
G1 X150.635 Y227.838 F300
G1 X150.64 Y227.93 F300
G1 X150.636 Y228.011 F300
G1 X150.622 Y228.086 F300
G1 X150.6 Y228.156 F300
G1 X150.571 Y228.221 F300
G1 X150.533 Y228.281 F300
G1 X150.489 Y228.336 F300
G1 X150.438 Y228.385 F300
G1 X150.382 Y228.429 F300
G1 X150.319 Y228.467 F300
G1 X150.252 Y228.5 F300
G1 X150.18 Y228.526 F300
G1 X150.104 Y228.547 F300
G1 X150.024 Y228.563 F300
G1 X149.941 Y228.572 F300
G1 X149.856 Y228.575 F300
G1 X149.758 Y228.571 F300
G1 X149.659 Y228.56 F300
G1 X149.559 Y228.541 F300
G1 X149.459 Y228.516 F300
G1 X149.36 Y228.484 F300
G1 X149.262 Y228.446 F300
G1 X149.167 Y228.402 F300
G1 X149.073 Y228.353 F300
G1 X148.983 Y228.298 F300
G1 X148.896 Y228.238 F300
G1 X148.814 Y228.174 F300
G1 X148.737 Y228.106 F300
G1 X148.665 Y228.034 F300
G1 X148.599 Y227.958 F300
G1 X148.54 Y227.879 F300
G1 X148.489 Y227.797 F300
G1 X148.445 Y227.713 F300
G1 X148.41 Y227.626 F300
G1 X148.385 Y227.538 F300
G1 X148.369 Y227.447 F300
G1 X148.363 Y227.356 F300;svg > path
G0 X169.575 Y229.106
G1 X169.577 Y229.049 F300
G1 X169.585 Y228.992 F300
G1 X169.599 Y228.935 F300
G1 X169.618 Y228.879 F300
G1 X169.643 Y228.824 F300
G1 X169.673 Y228.772 F300
G1 X169.711 Y228.721 F300
G1 X169.754 Y228.674 F300
G1 X169.805 Y228.63 F300
G1 X169.862 Y228.59 F300
G1 X169.926 Y228.555 F300
G1 X169.998 Y228.525 F300
G1 X170.076 Y228.501 F300
G1 X170.163 Y228.483 F300
G1 X170.257 Y228.472 F300
G1 X170.36 Y228.468 F300
G1 X170.469 Y228.473 F300
G1 X170.579 Y228.485 F300
G1 X170.687 Y228.506 F300
G1 X170.795 Y228.535 F300
G1 X170.9 Y228.571 F300
G1 X171.003 Y228.613 F300
G1 X171.103 Y228.662 F300
G1 X171.2 Y228.717 F300
G1 X171.292 Y228.778 F300
G1 X171.379 Y228.843 F300
G1 X171.461 Y228.913 F300
G1 X171.537 Y228.987 F300
G1 X171.606 Y229.065 F300
G1 X171.667 Y229.147 F300
G1 X171.721 Y229.231 F300
G1 X171.767 Y229.318 F300
G1 X171.803 Y229.406 F300
G1 X171.83 Y229.497 F300
G1 X171.846 Y229.588 F300
G1 X171.852 Y229.68 F300
G1 X171.847 Y229.761 F300
G1 X171.834 Y229.836 F300
G1 X171.812 Y229.906 F300
G1 X171.782 Y229.971 F300
G1 X171.745 Y230.031 F300
G1 X171.701 Y230.086 F300
G1 X171.65 Y230.135 F300
G1 X171.593 Y230.179 F300
G1 X171.531 Y230.217 F300
G1 X171.464 Y230.25 F300
G1 X171.392 Y230.276 F300
G1 X171.316 Y230.298 F300
G1 X171.236 Y230.313 F300
G1 X171.153 Y230.322 F300
G1 X171.067 Y230.325 F300
G1 X170.969 Y230.321 F300
G1 X170.87 Y230.31 F300
G1 X170.771 Y230.291 F300
G1 X170.671 Y230.266 F300
G1 X170.572 Y230.234 F300
G1 X170.474 Y230.196 F300
G1 X170.378 Y230.152 F300
G1 X170.285 Y230.103 F300
G1 X170.195 Y230.048 F300
G1 X170.108 Y229.989 F300
G1 X170.026 Y229.924 F300
G1 X169.948 Y229.856 F300
G1 X169.876 Y229.784 F300
G1 X169.811 Y229.708 F300
G1 X169.752 Y229.629 F300
G1 X169.7 Y229.547 F300
G1 X169.657 Y229.463 F300
G1 X169.622 Y229.376 F300
G1 X169.596 Y229.288 F300
G1 X169.58 Y229.197 F300
G1 X169.575 Y229.106 F300;svg > path
G0 X89.733 Y229.106
G1 X89.736 Y229.049 F300
G1 X89.744 Y228.992 F300
G1 X89.757 Y228.935 F300
G1 X89.776 Y228.879 F300
G1 X89.801 Y228.824 F300
G1 X89.832 Y228.772 F300
G1 X89.869 Y228.721 F300
G1 X89.913 Y228.674 F300
G1 X89.963 Y228.63 F300
G1 X90.02 Y228.59 F300
G1 X90.085 Y228.555 F300
G1 X90.156 Y228.525 F300
G1 X90.235 Y228.501 F300
G1 X90.321 Y228.483 F300
G1 X90.416 Y228.472 F300
G1 X90.518 Y228.468 F300
G1 X90.627 Y228.473 F300
G1 X90.737 Y228.485 F300
G1 X90.846 Y228.506 F300
G1 X90.953 Y228.535 F300
G1 X91.059 Y228.571 F300
G1 X91.162 Y228.613 F300
G1 X91.262 Y228.662 F300
G1 X91.358 Y228.717 F300
G1 X91.45 Y228.778 F300
G1 X91.537 Y228.843 F300
G1 X91.619 Y228.913 F300
G1 X91.695 Y228.987 F300
G1 X91.764 Y229.065 F300
G1 X91.826 Y229.147 F300
G1 X91.88 Y229.231 F300
G1 X91.925 Y229.318 F300
G1 X91.961 Y229.406 F300
G1 X91.988 Y229.497 F300
G1 X92.005 Y229.588 F300
G1 X92.01 Y229.68 F300
G1 X92.006 Y229.761 F300
G1 X91.992 Y229.836 F300
G1 X91.97 Y229.906 F300
G1 X91.941 Y229.971 F300
G1 X91.903 Y230.031 F300
G1 X91.859 Y230.086 F300
G1 X91.808 Y230.135 F300
G1 X91.752 Y230.179 F300
G1 X91.689 Y230.217 F300
G1 X91.622 Y230.25 F300
G1 X91.55 Y230.276 F300
G1 X91.474 Y230.298 F300
G1 X91.394 Y230.313 F300
G1 X91.311 Y230.322 F300
G1 X91.226 Y230.325 F300
G1 X91.128 Y230.321 F300
G1 X91.029 Y230.31 F300
G1 X90.929 Y230.291 F300
G1 X90.829 Y230.266 F300
G1 X90.73 Y230.234 F300
G1 X90.633 Y230.196 F300
G1 X90.537 Y230.152 F300
G1 X90.443 Y230.103 F300
G1 X90.353 Y230.048 F300
G1 X90.266 Y229.989 F300
G1 X90.184 Y229.924 F300
G1 X90.107 Y229.856 F300
G1 X90.035 Y229.784 F300
G1 X89.969 Y229.708 F300
G1 X89.91 Y229.629 F300
G1 X89.859 Y229.547 F300
G1 X89.815 Y229.463 F300
G1 X89.78 Y229.376 F300
G1 X89.755 Y229.288 F300
G1 X89.739 Y229.197 F300
G1 X89.733 Y229.106 F300;svg > path
G0 X97.751 Y229.981
G1 X97.754 Y229.924 F300
G1 X97.762 Y229.867 F300
G1 X97.775 Y229.81 F300
G1 X97.794 Y229.754 F300
G1 X97.819 Y229.699 F300
G1 X97.85 Y229.647 F300
G1 X97.887 Y229.596 F300
G1 X97.931 Y229.549 F300
G1 X97.981 Y229.505 F300
G1 X98.038 Y229.465 F300
G1 X98.103 Y229.43 F300
G1 X98.174 Y229.4 F300
G1 X98.253 Y229.376 F300
G1 X98.339 Y229.358 F300
G1 X98.434 Y229.347 F300
G1 X98.536 Y229.343 F300
G1 X98.646 Y229.348 F300
G1 X98.755 Y229.36 F300
G1 X98.864 Y229.381 F300
G1 X98.971 Y229.41 F300
G1 X99.077 Y229.446 F300
G1 X99.18 Y229.488 F300
G1 X99.28 Y229.537 F300
G1 X99.376 Y229.592 F300
G1 X99.468 Y229.653 F300
G1 X99.555 Y229.718 F300
G1 X99.637 Y229.788 F300
G1 X99.713 Y229.862 F300
G1 X99.782 Y229.94 F300
G1 X99.844 Y230.022 F300
G1 X99.898 Y230.106 F300
G1 X99.943 Y230.192 F300
G1 X99.98 Y230.281 F300
G1 X100.006 Y230.371 F300
G1 X100.023 Y230.463 F300
G1 X100.028 Y230.555 F300
G1 X100.024 Y230.635 F300
G1 X100.01 Y230.711 F300
G1 X99.988 Y230.781 F300
G1 X99.959 Y230.846 F300
G1 X99.921 Y230.906 F300
G1 X99.877 Y230.961 F300
G1 X99.827 Y231.01 F300
G1 X99.77 Y231.054 F300
G1 X99.708 Y231.092 F300
G1 X99.64 Y231.125 F300
G1 X99.568 Y231.151 F300
G1 X99.492 Y231.173 F300
G1 X99.412 Y231.188 F300
G1 X99.329 Y231.197 F300
G1 X99.244 Y231.2 F300
G1 X99.146 Y231.196 F300
G1 X99.047 Y231.185 F300
G1 X98.947 Y231.166 F300
G1 X98.847 Y231.141 F300
G1 X98.748 Y231.109 F300
G1 X98.651 Y231.071 F300
G1 X98.555 Y231.027 F300
G1 X98.461 Y230.978 F300
G1 X98.371 Y230.923 F300
G1 X98.284 Y230.863 F300
G1 X98.202 Y230.799 F300
G1 X98.125 Y230.731 F300
G1 X98.053 Y230.659 F300
G1 X97.987 Y230.583 F300
G1 X97.928 Y230.504 F300
G1 X97.877 Y230.422 F300
G1 X97.833 Y230.338 F300
G1 X97.798 Y230.251 F300
G1 X97.773 Y230.163 F300
G1 X97.757 Y230.072 F300
G1 X97.751 Y229.981 F300;svg > path
G0 X153.709 Y227.356
G1 X153.711 Y227.299 F300
G1 X153.719 Y227.242 F300
G1 X153.733 Y227.185 F300
G1 X153.752 Y227.129 F300
G1 X153.776 Y227.074 F300
G1 X153.807 Y227.022 F300
G1 X153.845 Y226.971 F300
G1 X153.888 Y226.924 F300
G1 X153.939 Y226.88 F300
G1 X153.996 Y226.841 F300
G1 X154.06 Y226.805 F300
G1 X154.131 Y226.776 F300
G1 X154.21 Y226.751 F300
G1 X154.297 Y226.733 F300
G1 X154.391 Y226.722 F300
G1 X154.493 Y226.718 F300
G1 X154.603 Y226.723 F300
G1 X154.712 Y226.736 F300
G1 X154.821 Y226.757 F300
G1 X154.928 Y226.785 F300
G1 X155.034 Y226.821 F300
G1 X155.137 Y226.864 F300
G1 X155.237 Y226.912 F300
G1 X155.333 Y226.967 F300
G1 X155.426 Y227.028 F300
G1 X155.513 Y227.093 F300
G1 X155.595 Y227.163 F300
G1 X155.67 Y227.237 F300
G1 X155.739 Y227.315 F300
G1 X155.801 Y227.397 F300
G1 X155.855 Y227.481 F300
G1 X155.9 Y227.567 F300
G1 X155.937 Y227.656 F300
G1 X155.964 Y227.747 F300
G1 X155.98 Y227.838 F300
G1 X155.986 Y227.93 F300
G1 X155.981 Y228.011 F300
G1 X155.968 Y228.086 F300
G1 X155.946 Y228.156 F300
G1 X155.916 Y228.221 F300
G1 X155.879 Y228.281 F300
G1 X155.835 Y228.336 F300
G1 X155.784 Y228.385 F300
G1 X155.727 Y228.429 F300
G1 X155.665 Y228.467 F300
G1 X155.597 Y228.5 F300
G1 X155.525 Y228.526 F300
G1 X155.449 Y228.547 F300
G1 X155.37 Y228.563 F300
G1 X155.287 Y228.572 F300
G1 X155.201 Y228.575 F300
G1 X155.103 Y228.571 F300
G1 X155.004 Y228.56 F300
G1 X154.904 Y228.541 F300
G1 X154.805 Y228.516 F300
G1 X154.706 Y228.484 F300
G1 X154.608 Y228.446 F300
G1 X154.512 Y228.402 F300
G1 X154.419 Y228.353 F300
G1 X154.328 Y228.298 F300
G1 X154.242 Y228.238 F300
G1 X154.159 Y228.174 F300
G1 X154.082 Y228.106 F300
G1 X154.01 Y228.034 F300
G1 X153.945 Y227.958 F300
G1 X153.886 Y227.879 F300
G1 X153.834 Y227.797 F300
G1 X153.791 Y227.713 F300
G1 X153.756 Y227.626 F300
G1 X153.73 Y227.538 F300
G1 X153.714 Y227.447 F300
G1 X153.709 Y227.356 F300;svg > path
G0 X153.709 Y225.606
G1 X153.711 Y225.549 F300
G1 X153.719 Y225.492 F300
G1 X153.733 Y225.435 F300
G1 X153.752 Y225.379 F300
G1 X153.776 Y225.324 F300
G1 X153.807 Y225.272 F300
G1 X153.845 Y225.221 F300
G1 X153.888 Y225.174 F300
G1 X153.939 Y225.13 F300
G1 X153.996 Y225.091 F300
G1 X154.06 Y225.055 F300
G1 X154.131 Y225.025 F300
G1 X154.21 Y225.001 F300
G1 X154.297 Y224.983 F300
G1 X154.391 Y224.972 F300
G1 X154.493 Y224.968 F300
G1 X154.603 Y224.973 F300
G1 X154.712 Y224.986 F300
G1 X154.821 Y225.006 F300
G1 X154.928 Y225.035 F300
G1 X155.034 Y225.071 F300
G1 X155.137 Y225.113 F300
G1 X155.237 Y225.162 F300
G1 X155.333 Y225.217 F300
G1 X155.426 Y225.278 F300
G1 X155.513 Y225.343 F300
G1 X155.595 Y225.413 F300
G1 X155.67 Y225.487 F300
G1 X155.739 Y225.565 F300
G1 X155.801 Y225.647 F300
G1 X155.855 Y225.731 F300
G1 X155.9 Y225.817 F300
G1 X155.937 Y225.906 F300
G1 X155.964 Y225.996 F300
G1 X155.98 Y226.088 F300
G1 X155.986 Y226.18 F300
G1 X155.981 Y226.26 F300
G1 X155.968 Y226.336 F300
G1 X155.946 Y226.406 F300
G1 X155.916 Y226.471 F300
G1 X155.879 Y226.531 F300
G1 X155.835 Y226.586 F300
G1 X155.784 Y226.635 F300
G1 X155.727 Y226.679 F300
G1 X155.665 Y226.717 F300
G1 X155.597 Y226.75 F300
G1 X155.525 Y226.776 F300
G1 X155.449 Y226.797 F300
G1 X155.37 Y226.813 F300
G1 X155.287 Y226.822 F300
G1 X155.201 Y226.825 F300
G1 X155.103 Y226.821 F300
G1 X155.004 Y226.81 F300
G1 X154.904 Y226.791 F300
G1 X154.805 Y226.766 F300
G1 X154.706 Y226.734 F300
G1 X154.608 Y226.696 F300
G1 X154.512 Y226.652 F300
G1 X154.419 Y226.603 F300
G1 X154.328 Y226.548 F300
G1 X154.242 Y226.488 F300
G1 X154.159 Y226.424 F300
G1 X154.082 Y226.356 F300
G1 X154.01 Y226.284 F300
G1 X153.945 Y226.208 F300
G1 X153.886 Y226.129 F300
G1 X153.834 Y226.047 F300
G1 X153.791 Y225.963 F300
G1 X153.756 Y225.876 F300
G1 X153.73 Y225.788 F300
G1 X153.714 Y225.697 F300
G1 X153.709 Y225.606 F300;svg > path
G0 X121.636 Y227.356
G1 X121.639 Y227.299 F300
G1 X121.646 Y227.242 F300
G1 X121.66 Y227.185 F300
G1 X121.679 Y227.129 F300
G1 X121.704 Y227.074 F300
G1 X121.735 Y227.022 F300
G1 X121.772 Y226.971 F300
G1 X121.815 Y226.924 F300
G1 X121.866 Y226.88 F300
G1 X121.923 Y226.841 F300
G1 X121.987 Y226.805 F300
G1 X122.059 Y226.776 F300
G1 X122.137 Y226.751 F300
G1 X122.224 Y226.733 F300
G1 X122.318 Y226.722 F300
G1 X122.421 Y226.718 F300
G1 X122.53 Y226.723 F300
G1 X122.639 Y226.736 F300
G1 X122.748 Y226.757 F300
G1 X122.856 Y226.785 F300
G1 X122.961 Y226.821 F300
G1 X123.064 Y226.864 F300
G1 X123.164 Y226.912 F300
G1 X123.261 Y226.967 F300
G1 X123.353 Y227.028 F300
G1 X123.44 Y227.093 F300
G1 X123.522 Y227.163 F300
G1 X123.597 Y227.237 F300
G1 X123.666 Y227.315 F300
G1 X123.728 Y227.397 F300
G1 X123.782 Y227.481 F300
G1 X123.828 Y227.567 F300
G1 X123.864 Y227.656 F300
G1 X123.891 Y227.747 F300
G1 X123.907 Y227.838 F300
G1 X123.913 Y227.93 F300
G1 X123.908 Y228.011 F300
G1 X123.895 Y228.086 F300
G1 X123.873 Y228.156 F300
G1 X123.843 Y228.221 F300
G1 X123.806 Y228.281 F300
G1 X123.762 Y228.336 F300
G1 X123.711 Y228.385 F300
G1 X123.654 Y228.429 F300
G1 X123.592 Y228.467 F300
G1 X123.525 Y228.5 F300
G1 X123.453 Y228.526 F300
G1 X123.377 Y228.547 F300
G1 X123.297 Y228.563 F300
G1 X123.214 Y228.572 F300
G1 X123.128 Y228.575 F300
G1 X123.03 Y228.571 F300
G1 X122.931 Y228.56 F300
G1 X122.832 Y228.541 F300
G1 X122.732 Y228.516 F300
G1 X122.633 Y228.484 F300
G1 X122.535 Y228.446 F300
G1 X122.439 Y228.402 F300
G1 X122.346 Y228.353 F300
G1 X122.256 Y228.298 F300
G1 X122.169 Y228.238 F300
G1 X122.087 Y228.174 F300
G1 X122.009 Y228.106 F300
G1 X121.937 Y228.034 F300
G1 X121.872 Y227.958 F300
G1 X121.813 Y227.879 F300
G1 X121.761 Y227.797 F300
G1 X121.718 Y227.713 F300
G1 X121.683 Y227.626 F300
G1 X121.657 Y227.538 F300
G1 X121.641 Y227.447 F300
G1 X121.636 Y227.356 F300;svg > path
G0 X97.751 Y216.856
G1 X97.754 Y216.799 F300
G1 X97.762 Y216.742 F300
G1 X97.775 Y216.685 F300
G1 X97.794 Y216.629 F300
G1 X97.819 Y216.574 F300
G1 X97.85 Y216.522 F300
G1 X97.887 Y216.471 F300
G1 X97.931 Y216.424 F300
G1 X97.981 Y216.38 F300
G1 X98.038 Y216.34 F300
G1 X98.103 Y216.305 F300
G1 X98.174 Y216.275 F300
G1 X98.253 Y216.251 F300
G1 X98.339 Y216.233 F300
G1 X98.434 Y216.222 F300
G1 X98.536 Y216.218 F300
G1 X98.646 Y216.223 F300
G1 X98.755 Y216.235 F300
G1 X98.864 Y216.256 F300
G1 X98.971 Y216.285 F300
G1 X99.077 Y216.321 F300
G1 X99.18 Y216.363 F300
G1 X99.28 Y216.412 F300
G1 X99.376 Y216.467 F300
G1 X99.468 Y216.528 F300
G1 X99.555 Y216.593 F300
G1 X99.637 Y216.663 F300
G1 X99.713 Y216.737 F300
G1 X99.782 Y216.815 F300
G1 X99.844 Y216.897 F300
G1 X99.898 Y216.981 F300
G1 X99.943 Y217.068 F300
G1 X99.98 Y217.156 F300
G1 X100.006 Y217.247 F300
G1 X100.023 Y217.338 F300
G1 X100.028 Y217.43 F300
G1 X100.024 Y217.511 F300
G1 X100.01 Y217.586 F300
G1 X99.988 Y217.656 F300
G1 X99.959 Y217.721 F300
G1 X99.921 Y217.781 F300
G1 X99.877 Y217.836 F300
G1 X99.827 Y217.885 F300
G1 X99.77 Y217.929 F300
G1 X99.708 Y217.967 F300
G1 X99.64 Y218 F300
G1 X99.568 Y218.026 F300
G1 X99.492 Y218.048 F300
G1 X99.412 Y218.063 F300
G1 X99.329 Y218.072 F300
G1 X99.244 Y218.075 F300
G1 X99.146 Y218.071 F300
G1 X99.047 Y218.06 F300
G1 X98.947 Y218.041 F300
G1 X98.847 Y218.016 F300
G1 X98.748 Y217.984 F300
G1 X98.651 Y217.946 F300
G1 X98.555 Y217.902 F300
G1 X98.461 Y217.853 F300
G1 X98.371 Y217.798 F300
G1 X98.284 Y217.739 F300
G1 X98.202 Y217.674 F300
G1 X98.125 Y217.606 F300
G1 X98.053 Y217.534 F300
G1 X97.987 Y217.458 F300
G1 X97.928 Y217.379 F300
G1 X97.877 Y217.297 F300
G1 X97.833 Y217.213 F300
G1 X97.798 Y217.126 F300
G1 X97.773 Y217.038 F300
G1 X97.757 Y216.947 F300
G1 X97.751 Y216.856 F300;svg > path
G0 X113.788 Y215.106
G1 X113.791 Y215.049 F300
G1 X113.798 Y214.992 F300
G1 X113.812 Y214.935 F300
G1 X113.831 Y214.879 F300
G1 X113.856 Y214.824 F300
G1 X113.887 Y214.772 F300
G1 X113.924 Y214.721 F300
G1 X113.967 Y214.674 F300
G1 X114.018 Y214.63 F300
G1 X114.075 Y214.591 F300
G1 X114.139 Y214.555 F300
G1 X114.211 Y214.526 F300
G1 X114.289 Y214.501 F300
G1 X114.376 Y214.483 F300
G1 X114.47 Y214.472 F300
G1 X114.573 Y214.468 F300
G1 X114.682 Y214.473 F300
G1 X114.791 Y214.486 F300
G1 X114.9 Y214.507 F300
G1 X115.008 Y214.535 F300
G1 X115.113 Y214.571 F300
G1 X115.216 Y214.614 F300
G1 X115.316 Y214.662 F300
G1 X115.413 Y214.717 F300
G1 X115.505 Y214.778 F300
G1 X115.592 Y214.843 F300
G1 X115.674 Y214.913 F300
G1 X115.749 Y214.987 F300
G1 X115.818 Y215.065 F300
G1 X115.88 Y215.147 F300
G1 X115.934 Y215.231 F300
G1 X115.98 Y215.317 F300
G1 X116.016 Y215.406 F300
G1 X116.043 Y215.497 F300
G1 X116.059 Y215.588 F300
G1 X116.065 Y215.68 F300
G1 X116.06 Y215.761 F300
G1 X116.047 Y215.836 F300
G1 X116.025 Y215.906 F300
G1 X115.995 Y215.971 F300
G1 X115.958 Y216.031 F300
G1 X115.914 Y216.086 F300
G1 X115.863 Y216.135 F300
G1 X115.806 Y216.179 F300
G1 X115.744 Y216.217 F300
G1 X115.677 Y216.25 F300
G1 X115.605 Y216.276 F300
G1 X115.529 Y216.297 F300
G1 X115.449 Y216.313 F300
G1 X115.366 Y216.322 F300
G1 X115.28 Y216.325 F300
G1 X115.182 Y216.321 F300
G1 X115.083 Y216.31 F300
G1 X114.984 Y216.291 F300
G1 X114.884 Y216.266 F300
G1 X114.785 Y216.234 F300
G1 X114.687 Y216.196 F300
G1 X114.591 Y216.152 F300
G1 X114.498 Y216.103 F300
G1 X114.408 Y216.048 F300
G1 X114.321 Y215.988 F300
G1 X114.239 Y215.924 F300
G1 X114.161 Y215.856 F300
G1 X114.089 Y215.784 F300
G1 X114.024 Y215.708 F300
G1 X113.965 Y215.629 F300
G1 X113.913 Y215.547 F300
G1 X113.87 Y215.463 F300
G1 X113.835 Y215.376 F300
G1 X113.809 Y215.288 F300
G1 X113.793 Y215.197 F300
G1 X113.788 Y215.106 F300;svg > path
G0 X97.751 Y215.106
G1 X97.754 Y215.049 F300
G1 X97.762 Y214.992 F300
G1 X97.775 Y214.935 F300
G1 X97.794 Y214.879 F300
G1 X97.819 Y214.824 F300
G1 X97.85 Y214.772 F300
G1 X97.887 Y214.721 F300
G1 X97.931 Y214.674 F300
G1 X97.981 Y214.63 F300
G1 X98.038 Y214.591 F300
G1 X98.103 Y214.555 F300
G1 X98.174 Y214.526 F300
G1 X98.253 Y214.501 F300
G1 X98.339 Y214.483 F300
G1 X98.434 Y214.472 F300
G1 X98.536 Y214.468 F300
G1 X98.646 Y214.473 F300
G1 X98.755 Y214.486 F300
G1 X98.864 Y214.507 F300
G1 X98.971 Y214.535 F300
G1 X99.077 Y214.571 F300
G1 X99.18 Y214.614 F300
G1 X99.28 Y214.662 F300
G1 X99.376 Y214.717 F300
G1 X99.468 Y214.778 F300
G1 X99.555 Y214.843 F300
G1 X99.637 Y214.913 F300
G1 X99.713 Y214.987 F300
G1 X99.782 Y215.065 F300
G1 X99.844 Y215.147 F300
G1 X99.898 Y215.231 F300
G1 X99.943 Y215.317 F300
G1 X99.98 Y215.406 F300
G1 X100.006 Y215.497 F300
G1 X100.023 Y215.588 F300
G1 X100.028 Y215.68 F300
G1 X100.024 Y215.761 F300
G1 X100.01 Y215.836 F300
G1 X99.988 Y215.906 F300
G1 X99.959 Y215.971 F300
G1 X99.921 Y216.031 F300
G1 X99.877 Y216.086 F300
G1 X99.827 Y216.135 F300
G1 X99.77 Y216.179 F300
G1 X99.708 Y216.217 F300
G1 X99.64 Y216.25 F300
G1 X99.568 Y216.276 F300
G1 X99.492 Y216.297 F300
G1 X99.412 Y216.313 F300
G1 X99.329 Y216.322 F300
G1 X99.244 Y216.325 F300
G1 X99.146 Y216.321 F300
G1 X99.047 Y216.31 F300
G1 X98.947 Y216.291 F300
G1 X98.847 Y216.266 F300
G1 X98.748 Y216.234 F300
G1 X98.651 Y216.196 F300
G1 X98.555 Y216.152 F300
G1 X98.461 Y216.103 F300
G1 X98.371 Y216.048 F300
G1 X98.284 Y215.988 F300
G1 X98.202 Y215.924 F300
G1 X98.125 Y215.856 F300
G1 X98.053 Y215.784 F300
G1 X97.987 Y215.708 F300
G1 X97.928 Y215.629 F300
G1 X97.877 Y215.547 F300
G1 X97.833 Y215.463 F300
G1 X97.798 Y215.376 F300
G1 X97.773 Y215.288 F300
G1 X97.757 Y215.197 F300
G1 X97.751 Y215.106 F300;svg > path
G0 X153.709 Y214.231
G1 X153.711 Y214.174 F300
G1 X153.719 Y214.117 F300
G1 X153.733 Y214.06 F300
G1 X153.752 Y214.004 F300
G1 X153.776 Y213.949 F300
G1 X153.807 Y213.897 F300
G1 X153.845 Y213.846 F300
G1 X153.888 Y213.799 F300
G1 X153.939 Y213.755 F300
G1 X153.996 Y213.716 F300
G1 X154.06 Y213.68 F300
G1 X154.131 Y213.65 F300
G1 X154.21 Y213.626 F300
G1 X154.297 Y213.608 F300
G1 X154.391 Y213.597 F300
G1 X154.493 Y213.593 F300
G1 X154.603 Y213.598 F300
G1 X154.712 Y213.611 F300
G1 X154.821 Y213.632 F300
G1 X154.928 Y213.66 F300
G1 X155.034 Y213.696 F300
G1 X155.137 Y213.739 F300
G1 X155.237 Y213.787 F300
G1 X155.333 Y213.842 F300
G1 X155.426 Y213.903 F300
G1 X155.513 Y213.968 F300
G1 X155.595 Y214.038 F300
G1 X155.67 Y214.112 F300
G1 X155.739 Y214.19 F300
G1 X155.801 Y214.272 F300
G1 X155.855 Y214.356 F300
G1 X155.9 Y214.442 F300
G1 X155.937 Y214.531 F300
G1 X155.964 Y214.621 F300
G1 X155.98 Y214.713 F300
G1 X155.986 Y214.805 F300
G1 X155.981 Y214.885 F300
G1 X155.968 Y214.961 F300
G1 X155.946 Y215.031 F300
G1 X155.916 Y215.096 F300
G1 X155.879 Y215.156 F300
G1 X155.835 Y215.211 F300
G1 X155.784 Y215.26 F300
G1 X155.727 Y215.304 F300
G1 X155.665 Y215.342 F300
G1 X155.597 Y215.375 F300
G1 X155.525 Y215.401 F300
G1 X155.449 Y215.422 F300
G1 X155.37 Y215.438 F300
G1 X155.287 Y215.447 F300
G1 X155.201 Y215.45 F300
G1 X155.103 Y215.446 F300
G1 X155.004 Y215.435 F300
G1 X154.904 Y215.416 F300
G1 X154.805 Y215.391 F300
G1 X154.706 Y215.359 F300
G1 X154.608 Y215.321 F300
G1 X154.512 Y215.277 F300
G1 X154.419 Y215.228 F300
G1 X154.328 Y215.173 F300
G1 X154.242 Y215.113 F300
G1 X154.159 Y215.049 F300
G1 X154.082 Y214.981 F300
G1 X154.01 Y214.909 F300
G1 X153.945 Y214.833 F300
G1 X153.886 Y214.754 F300
G1 X153.834 Y214.672 F300
G1 X153.791 Y214.588 F300
G1 X153.756 Y214.501 F300
G1 X153.73 Y214.413 F300
G1 X153.714 Y214.322 F300
G1 X153.709 Y214.231 F300;svg > path
G0 X89.733 Y218.606
G1 X89.736 Y218.549 F300
G1 X89.744 Y218.492 F300
G1 X89.757 Y218.435 F300
G1 X89.776 Y218.379 F300
G1 X89.801 Y218.324 F300
G1 X89.832 Y218.272 F300
G1 X89.869 Y218.221 F300
G1 X89.913 Y218.174 F300
G1 X89.963 Y218.13 F300
G1 X90.02 Y218.09 F300
G1 X90.085 Y218.055 F300
G1 X90.156 Y218.025 F300
G1 X90.235 Y218.001 F300
G1 X90.321 Y217.983 F300
G1 X90.416 Y217.972 F300
G1 X90.518 Y217.968 F300
G1 X90.627 Y217.973 F300
G1 X90.737 Y217.985 F300
G1 X90.846 Y218.006 F300
G1 X90.953 Y218.035 F300
G1 X91.059 Y218.071 F300
G1 X91.162 Y218.113 F300
G1 X91.262 Y218.162 F300
G1 X91.358 Y218.217 F300
G1 X91.45 Y218.278 F300
G1 X91.537 Y218.343 F300
G1 X91.619 Y218.413 F300
G1 X91.695 Y218.487 F300
G1 X91.764 Y218.565 F300
G1 X91.826 Y218.646 F300
G1 X91.88 Y218.731 F300
G1 X91.925 Y218.817 F300
G1 X91.961 Y218.906 F300
G1 X91.988 Y218.996 F300
G1 X92.005 Y219.088 F300
G1 X92.01 Y219.18 F300
G1 X92.006 Y219.26 F300
G1 X91.992 Y219.336 F300
G1 X91.97 Y219.406 F300
G1 X91.941 Y219.471 F300
G1 X91.903 Y219.531 F300
G1 X91.859 Y219.586 F300
G1 X91.808 Y219.635 F300
G1 X91.752 Y219.679 F300
G1 X91.689 Y219.717 F300
G1 X91.622 Y219.749 F300
G1 X91.55 Y219.776 F300
G1 X91.474 Y219.797 F300
G1 X91.394 Y219.813 F300
G1 X91.311 Y219.822 F300
G1 X91.226 Y219.825 F300
G1 X91.128 Y219.821 F300
G1 X91.029 Y219.81 F300
G1 X90.929 Y219.791 F300
G1 X90.829 Y219.766 F300
G1 X90.73 Y219.734 F300
G1 X90.633 Y219.696 F300
G1 X90.537 Y219.652 F300
G1 X90.443 Y219.603 F300
G1 X90.353 Y219.548 F300
G1 X90.266 Y219.488 F300
G1 X90.184 Y219.424 F300
G1 X90.107 Y219.356 F300
G1 X90.035 Y219.284 F300
G1 X89.969 Y219.208 F300
G1 X89.91 Y219.129 F300
G1 X89.859 Y219.047 F300
G1 X89.815 Y218.963 F300
G1 X89.78 Y218.876 F300
G1 X89.755 Y218.788 F300
G1 X89.739 Y218.697 F300
G1 X89.733 Y218.606 F300;svg > path
G0 X38.273 Y211.606
G1 X38.275 Y211.549 F300
G1 X38.283 Y211.492 F300
G1 X38.296 Y211.435 F300
G1 X38.315 Y211.379 F300
G1 X38.34 Y211.324 F300
G1 X38.371 Y211.272 F300
G1 X38.408 Y211.221 F300
G1 X38.452 Y211.174 F300
G1 X38.502 Y211.13 F300
G1 X38.56 Y211.09 F300
G1 X38.624 Y211.055 F300
G1 X38.695 Y211.025 F300
G1 X38.774 Y211.001 F300
G1 X38.861 Y210.983 F300
G1 X38.955 Y210.972 F300
G1 X39.057 Y210.968 F300
G1 X39.167 Y210.973 F300
G1 X39.276 Y210.985 F300
G1 X39.385 Y211.006 F300
G1 X39.492 Y211.035 F300
G1 X39.598 Y211.071 F300
G1 X39.701 Y211.113 F300
G1 X39.801 Y211.162 F300
G1 X39.897 Y211.217 F300
G1 X39.989 Y211.278 F300
G1 X40.076 Y211.343 F300
G1 X40.158 Y211.413 F300
G1 X40.234 Y211.487 F300
G1 X40.303 Y211.565 F300
G1 X40.365 Y211.647 F300
G1 X40.419 Y211.731 F300
G1 X40.464 Y211.817 F300
G1 X40.501 Y211.906 F300
G1 X40.527 Y211.996 F300
G1 X40.544 Y212.088 F300
G1 X40.549 Y212.18 F300
G1 X40.545 Y212.26 F300
G1 X40.531 Y212.336 F300
G1 X40.509 Y212.406 F300
G1 X40.48 Y212.471 F300
G1 X40.442 Y212.531 F300
G1 X40.398 Y212.586 F300
G1 X40.348 Y212.635 F300
G1 X40.291 Y212.679 F300
G1 X40.229 Y212.717 F300
G1 X40.161 Y212.75 F300
G1 X40.089 Y212.776 F300
G1 X40.013 Y212.798 F300
G1 X39.933 Y212.813 F300
G1 X39.85 Y212.822 F300
G1 X39.765 Y212.825 F300
G1 X39.667 Y212.821 F300
G1 X39.568 Y212.81 F300
G1 X39.468 Y212.791 F300
G1 X39.368 Y212.766 F300
G1 X39.269 Y212.734 F300
G1 X39.172 Y212.696 F300
G1 X39.076 Y212.652 F300
G1 X38.982 Y212.603 F300
G1 X38.892 Y212.548 F300
G1 X38.805 Y212.488 F300
G1 X38.723 Y212.424 F300
G1 X38.646 Y212.356 F300
G1 X38.574 Y212.284 F300
G1 X38.508 Y212.208 F300
G1 X38.449 Y212.129 F300
G1 X38.398 Y212.047 F300
G1 X38.354 Y211.963 F300
G1 X38.32 Y211.876 F300
G1 X38.294 Y211.788 F300
G1 X38.278 Y211.697 F300
G1 X38.273 Y211.606 F300;svg > path
G0 X89.733 Y216.856
G1 X89.736 Y216.799 F300
G1 X89.744 Y216.742 F300
G1 X89.757 Y216.685 F300
G1 X89.776 Y216.629 F300
G1 X89.801 Y216.574 F300
G1 X89.832 Y216.522 F300
G1 X89.869 Y216.471 F300
G1 X89.913 Y216.424 F300
G1 X89.963 Y216.38 F300
G1 X90.02 Y216.34 F300
G1 X90.085 Y216.305 F300
G1 X90.156 Y216.275 F300
G1 X90.235 Y216.251 F300
G1 X90.321 Y216.233 F300
G1 X90.416 Y216.222 F300
G1 X90.518 Y216.218 F300
G1 X90.627 Y216.223 F300
G1 X90.737 Y216.235 F300
G1 X90.846 Y216.256 F300
G1 X90.953 Y216.285 F300
G1 X91.059 Y216.321 F300
G1 X91.162 Y216.363 F300
G1 X91.262 Y216.412 F300
G1 X91.358 Y216.467 F300
G1 X91.45 Y216.528 F300
G1 X91.537 Y216.593 F300
G1 X91.619 Y216.663 F300
G1 X91.695 Y216.737 F300
G1 X91.764 Y216.815 F300
G1 X91.826 Y216.897 F300
G1 X91.88 Y216.981 F300
G1 X91.925 Y217.068 F300
G1 X91.961 Y217.156 F300
G1 X91.988 Y217.247 F300
G1 X92.005 Y217.338 F300
G1 X92.01 Y217.43 F300
G1 X92.006 Y217.511 F300
G1 X91.992 Y217.586 F300
G1 X91.97 Y217.656 F300
G1 X91.941 Y217.721 F300
G1 X91.903 Y217.781 F300
G1 X91.859 Y217.836 F300
G1 X91.808 Y217.885 F300
G1 X91.752 Y217.929 F300
G1 X91.689 Y217.967 F300
G1 X91.622 Y218 F300
G1 X91.55 Y218.026 F300
G1 X91.474 Y218.048 F300
G1 X91.394 Y218.063 F300
G1 X91.311 Y218.072 F300
G1 X91.226 Y218.075 F300
G1 X91.128 Y218.071 F300
G1 X91.029 Y218.06 F300
G1 X90.929 Y218.041 F300
G1 X90.829 Y218.016 F300
G1 X90.73 Y217.984 F300
G1 X90.633 Y217.946 F300
G1 X90.537 Y217.902 F300
G1 X90.443 Y217.853 F300
G1 X90.353 Y217.798 F300
G1 X90.266 Y217.739 F300
G1 X90.184 Y217.674 F300
G1 X90.107 Y217.606 F300
G1 X90.035 Y217.534 F300
G1 X89.969 Y217.458 F300
G1 X89.91 Y217.379 F300
G1 X89.859 Y217.297 F300
G1 X89.815 Y217.213 F300
G1 X89.78 Y217.126 F300
G1 X89.755 Y217.038 F300
G1 X89.739 Y216.947 F300
G1 X89.733 Y216.856 F300;svg > path
G0 X89.733 Y215.106
G1 X89.736 Y215.049 F300
G1 X89.744 Y214.992 F300
G1 X89.757 Y214.935 F300
G1 X89.776 Y214.879 F300
G1 X89.801 Y214.824 F300
G1 X89.832 Y214.772 F300
G1 X89.869 Y214.721 F300
G1 X89.913 Y214.674 F300
G1 X89.963 Y214.63 F300
G1 X90.02 Y214.591 F300
G1 X90.085 Y214.555 F300
G1 X90.156 Y214.526 F300
G1 X90.235 Y214.501 F300
G1 X90.321 Y214.483 F300
G1 X90.416 Y214.472 F300
G1 X90.518 Y214.468 F300
G1 X90.627 Y214.473 F300
G1 X90.737 Y214.486 F300
G1 X90.846 Y214.507 F300
G1 X90.953 Y214.535 F300
G1 X91.059 Y214.571 F300
G1 X91.162 Y214.614 F300
G1 X91.262 Y214.662 F300
G1 X91.358 Y214.717 F300
G1 X91.45 Y214.778 F300
G1 X91.537 Y214.843 F300
G1 X91.619 Y214.913 F300
G1 X91.695 Y214.987 F300
G1 X91.764 Y215.065 F300
G1 X91.826 Y215.147 F300
G1 X91.88 Y215.231 F300
G1 X91.925 Y215.317 F300
G1 X91.961 Y215.406 F300
G1 X91.988 Y215.497 F300
G1 X92.005 Y215.588 F300
G1 X92.01 Y215.68 F300
G1 X92.006 Y215.761 F300
G1 X91.992 Y215.836 F300
G1 X91.97 Y215.906 F300
G1 X91.941 Y215.971 F300
G1 X91.903 Y216.031 F300
G1 X91.859 Y216.086 F300
G1 X91.808 Y216.135 F300
G1 X91.752 Y216.179 F300
G1 X91.689 Y216.217 F300
G1 X91.622 Y216.25 F300
G1 X91.55 Y216.276 F300
G1 X91.474 Y216.297 F300
G1 X91.394 Y216.313 F300
G1 X91.311 Y216.322 F300
G1 X91.226 Y216.325 F300
G1 X91.128 Y216.321 F300
G1 X91.029 Y216.31 F300
G1 X90.929 Y216.291 F300
G1 X90.829 Y216.266 F300
G1 X90.73 Y216.234 F300
G1 X90.633 Y216.196 F300
G1 X90.537 Y216.152 F300
G1 X90.443 Y216.103 F300
G1 X90.353 Y216.048 F300
G1 X90.266 Y215.988 F300
G1 X90.184 Y215.924 F300
G1 X90.107 Y215.856 F300
G1 X90.035 Y215.784 F300
G1 X89.969 Y215.708 F300
G1 X89.91 Y215.629 F300
G1 X89.859 Y215.547 F300
G1 X89.815 Y215.463 F300
G1 X89.78 Y215.376 F300
G1 X89.755 Y215.288 F300
G1 X89.739 Y215.197 F300
G1 X89.733 Y215.106 F300;svg > path
G0 X161.557 Y208.106
G1 X161.559 Y208.049 F300
G1 X161.567 Y207.992 F300
G1 X161.58 Y207.935 F300
G1 X161.599 Y207.879 F300
G1 X161.624 Y207.824 F300
G1 X161.655 Y207.772 F300
G1 X161.693 Y207.721 F300
G1 X161.736 Y207.674 F300
G1 X161.787 Y207.63 F300
G1 X161.844 Y207.591 F300
G1 X161.908 Y207.555 F300
G1 X161.979 Y207.525 F300
G1 X162.058 Y207.501 F300
G1 X162.145 Y207.483 F300
G1 X162.239 Y207.472 F300
G1 X162.341 Y207.468 F300
G1 X162.451 Y207.473 F300
G1 X162.56 Y207.486 F300
G1 X162.669 Y207.507 F300
G1 X162.776 Y207.535 F300
G1 X162.882 Y207.571 F300
G1 X162.985 Y207.614 F300
G1 X163.085 Y207.662 F300
G1 X163.182 Y207.717 F300
G1 X163.274 Y207.778 F300
G1 X163.361 Y207.843 F300
G1 X163.443 Y207.913 F300
G1 X163.518 Y207.987 F300
G1 X163.587 Y208.065 F300
G1 X163.649 Y208.147 F300
G1 X163.703 Y208.231 F300
G1 X163.749 Y208.317 F300
G1 X163.785 Y208.406 F300
G1 X163.812 Y208.496 F300
G1 X163.828 Y208.588 F300
G1 X163.834 Y208.68 F300
G1 X163.829 Y208.76 F300
G1 X163.816 Y208.836 F300
G1 X163.794 Y208.906 F300
G1 X163.764 Y208.971 F300
G1 X163.727 Y209.031 F300
G1 X163.683 Y209.086 F300
G1 X163.632 Y209.135 F300
G1 X163.575 Y209.179 F300
G1 X163.513 Y209.217 F300
G1 X163.446 Y209.25 F300
G1 X163.374 Y209.276 F300
G1 X163.297 Y209.297 F300
G1 X163.218 Y209.313 F300
G1 X163.135 Y209.322 F300
G1 X163.049 Y209.325 F300
G1 X162.951 Y209.321 F300
G1 X162.852 Y209.31 F300
G1 X162.752 Y209.291 F300
G1 X162.653 Y209.266 F300
G1 X162.554 Y209.234 F300
G1 X162.456 Y209.196 F300
G1 X162.36 Y209.152 F300
G1 X162.267 Y209.103 F300
G1 X162.176 Y209.048 F300
G1 X162.09 Y208.988 F300
G1 X162.007 Y208.924 F300
G1 X161.93 Y208.856 F300
G1 X161.858 Y208.784 F300
G1 X161.793 Y208.708 F300
G1 X161.734 Y208.629 F300
G1 X161.682 Y208.547 F300
G1 X161.639 Y208.463 F300
G1 X161.604 Y208.376 F300
G1 X161.578 Y208.288 F300
G1 X161.562 Y208.197 F300
G1 X161.557 Y208.106 F300;svg > path
G0 X148.363 Y214.231
G1 X148.366 Y214.174 F300
G1 X148.374 Y214.117 F300
G1 X148.387 Y214.06 F300
G1 X148.406 Y214.004 F300
G1 X148.431 Y213.949 F300
G1 X148.462 Y213.897 F300
G1 X148.499 Y213.846 F300
G1 X148.543 Y213.799 F300
G1 X148.593 Y213.755 F300
G1 X148.65 Y213.716 F300
G1 X148.715 Y213.68 F300
G1 X148.786 Y213.65 F300
G1 X148.865 Y213.626 F300
G1 X148.951 Y213.608 F300
G1 X149.046 Y213.597 F300
G1 X149.148 Y213.593 F300
G1 X149.257 Y213.598 F300
G1 X149.367 Y213.611 F300
G1 X149.475 Y213.632 F300
G1 X149.583 Y213.66 F300
G1 X149.688 Y213.696 F300
G1 X149.792 Y213.739 F300
G1 X149.892 Y213.787 F300
G1 X149.988 Y213.842 F300
G1 X150.08 Y213.903 F300
G1 X150.167 Y213.968 F300
G1 X150.249 Y214.038 F300
G1 X150.325 Y214.112 F300
G1 X150.394 Y214.19 F300
G1 X150.456 Y214.272 F300
G1 X150.509 Y214.356 F300
G1 X150.555 Y214.442 F300
G1 X150.591 Y214.531 F300
G1 X150.618 Y214.621 F300
G1 X150.635 Y214.713 F300
G1 X150.64 Y214.805 F300
G1 X150.636 Y214.885 F300
G1 X150.622 Y214.961 F300
G1 X150.6 Y215.031 F300
G1 X150.571 Y215.096 F300
G1 X150.533 Y215.156 F300
G1 X150.489 Y215.211 F300
G1 X150.438 Y215.26 F300
G1 X150.382 Y215.304 F300
G1 X150.319 Y215.342 F300
G1 X150.252 Y215.375 F300
G1 X150.18 Y215.401 F300
G1 X150.104 Y215.422 F300
G1 X150.024 Y215.438 F300
G1 X149.941 Y215.447 F300
G1 X149.856 Y215.45 F300
G1 X149.758 Y215.446 F300
G1 X149.659 Y215.435 F300
G1 X149.559 Y215.416 F300
G1 X149.459 Y215.391 F300
G1 X149.36 Y215.359 F300
G1 X149.262 Y215.321 F300
G1 X149.167 Y215.277 F300
G1 X149.073 Y215.228 F300
G1 X148.983 Y215.173 F300
G1 X148.896 Y215.113 F300
G1 X148.814 Y215.049 F300
G1 X148.737 Y214.981 F300
G1 X148.665 Y214.909 F300
G1 X148.599 Y214.833 F300
G1 X148.54 Y214.754 F300
G1 X148.489 Y214.672 F300
G1 X148.445 Y214.588 F300
G1 X148.41 Y214.501 F300
G1 X148.385 Y214.413 F300
G1 X148.369 Y214.322 F300
G1 X148.363 Y214.231 F300;svg > path
G0 X103.097 Y215.106
G1 X103.099 Y215.049 F300
G1 X103.107 Y214.992 F300
G1 X103.121 Y214.935 F300
G1 X103.14 Y214.879 F300
G1 X103.165 Y214.824 F300
G1 X103.196 Y214.772 F300
G1 X103.233 Y214.721 F300
G1 X103.276 Y214.674 F300
G1 X103.327 Y214.63 F300
G1 X103.384 Y214.591 F300
G1 X103.448 Y214.555 F300
G1 X103.52 Y214.526 F300
G1 X103.598 Y214.501 F300
G1 X103.685 Y214.483 F300
G1 X103.779 Y214.472 F300
G1 X103.882 Y214.468 F300
G1 X103.991 Y214.473 F300
G1 X104.1 Y214.486 F300
G1 X104.209 Y214.507 F300
G1 X104.317 Y214.535 F300
G1 X104.422 Y214.571 F300
G1 X104.525 Y214.614 F300
G1 X104.625 Y214.662 F300
G1 X104.722 Y214.717 F300
G1 X104.814 Y214.778 F300
G1 X104.901 Y214.843 F300
G1 X104.983 Y214.913 F300
G1 X105.059 Y214.987 F300
G1 X105.128 Y215.065 F300
G1 X105.189 Y215.147 F300
G1 X105.243 Y215.231 F300
G1 X105.289 Y215.317 F300
G1 X105.325 Y215.406 F300
G1 X105.352 Y215.497 F300
G1 X105.368 Y215.588 F300
G1 X105.374 Y215.68 F300
G1 X105.369 Y215.761 F300
G1 X105.356 Y215.836 F300
G1 X105.334 Y215.906 F300
G1 X105.304 Y215.971 F300
G1 X105.267 Y216.031 F300
G1 X105.223 Y216.086 F300
G1 X105.172 Y216.135 F300
G1 X105.115 Y216.179 F300
G1 X105.053 Y216.217 F300
G1 X104.986 Y216.25 F300
G1 X104.914 Y216.276 F300
G1 X104.838 Y216.297 F300
G1 X104.758 Y216.313 F300
G1 X104.675 Y216.322 F300
G1 X104.589 Y216.325 F300
G1 X104.491 Y216.321 F300
G1 X104.392 Y216.31 F300
G1 X104.293 Y216.291 F300
G1 X104.193 Y216.266 F300
G1 X104.094 Y216.234 F300
G1 X103.996 Y216.196 F300
G1 X103.9 Y216.152 F300
G1 X103.807 Y216.103 F300
G1 X103.717 Y216.048 F300
G1 X103.63 Y215.988 F300
G1 X103.548 Y215.924 F300
G1 X103.47 Y215.856 F300
G1 X103.398 Y215.784 F300
G1 X103.333 Y215.708 F300
G1 X103.274 Y215.629 F300
G1 X103.222 Y215.547 F300
G1 X103.179 Y215.463 F300
G1 X103.144 Y215.376 F300
G1 X103.118 Y215.288 F300
G1 X103.102 Y215.197 F300
G1 X103.097 Y215.106 F300;svg > path
G0 X121.636 Y208.106
G1 X121.639 Y208.049 F300
G1 X121.646 Y207.992 F300
G1 X121.66 Y207.935 F300
G1 X121.679 Y207.879 F300
G1 X121.704 Y207.824 F300
G1 X121.735 Y207.772 F300
G1 X121.772 Y207.721 F300
G1 X121.815 Y207.674 F300
G1 X121.866 Y207.63 F300
G1 X121.923 Y207.591 F300
G1 X121.987 Y207.555 F300
G1 X122.059 Y207.525 F300
G1 X122.137 Y207.501 F300
G1 X122.224 Y207.483 F300
G1 X122.318 Y207.472 F300
G1 X122.421 Y207.468 F300
G1 X122.53 Y207.473 F300
G1 X122.639 Y207.486 F300
G1 X122.748 Y207.507 F300
G1 X122.856 Y207.535 F300
G1 X122.961 Y207.571 F300
G1 X123.064 Y207.614 F300
G1 X123.164 Y207.662 F300
G1 X123.261 Y207.717 F300
G1 X123.353 Y207.778 F300
G1 X123.44 Y207.843 F300
G1 X123.522 Y207.913 F300
G1 X123.597 Y207.987 F300
G1 X123.666 Y208.065 F300
G1 X123.728 Y208.147 F300
G1 X123.782 Y208.231 F300
G1 X123.828 Y208.317 F300
G1 X123.864 Y208.406 F300
G1 X123.891 Y208.496 F300
G1 X123.907 Y208.588 F300
G1 X123.913 Y208.68 F300
G1 X123.908 Y208.76 F300
G1 X123.895 Y208.836 F300
G1 X123.873 Y208.906 F300
G1 X123.843 Y208.971 F300
G1 X123.806 Y209.031 F300
G1 X123.762 Y209.086 F300
G1 X123.711 Y209.135 F300
G1 X123.654 Y209.179 F300
G1 X123.592 Y209.217 F300
G1 X123.525 Y209.25 F300
G1 X123.453 Y209.276 F300
G1 X123.377 Y209.297 F300
G1 X123.297 Y209.313 F300
G1 X123.214 Y209.322 F300
G1 X123.128 Y209.325 F300
G1 X123.03 Y209.321 F300
G1 X122.931 Y209.31 F300
G1 X122.832 Y209.291 F300
G1 X122.732 Y209.266 F300
G1 X122.633 Y209.234 F300
G1 X122.535 Y209.196 F300
G1 X122.439 Y209.152 F300
G1 X122.346 Y209.103 F300
G1 X122.256 Y209.048 F300
G1 X122.169 Y208.988 F300
G1 X122.087 Y208.924 F300
G1 X122.009 Y208.856 F300
G1 X121.937 Y208.784 F300
G1 X121.872 Y208.708 F300
G1 X121.813 Y208.629 F300
G1 X121.761 Y208.547 F300
G1 X121.718 Y208.463 F300
G1 X121.683 Y208.376 F300
G1 X121.657 Y208.288 F300
G1 X121.641 Y208.197 F300
G1 X121.636 Y208.106 F300;svg > path
G0 X129.654 Y214.231
G1 X129.657 Y214.174 F300
G1 X129.665 Y214.117 F300
G1 X129.678 Y214.06 F300
G1 X129.697 Y214.004 F300
G1 X129.722 Y213.949 F300
G1 X129.753 Y213.897 F300
G1 X129.79 Y213.846 F300
G1 X129.834 Y213.799 F300
G1 X129.884 Y213.755 F300
G1 X129.941 Y213.716 F300
G1 X130.005 Y213.68 F300
G1 X130.077 Y213.65 F300
G1 X130.156 Y213.626 F300
G1 X130.242 Y213.608 F300
G1 X130.336 Y213.597 F300
G1 X130.439 Y213.593 F300
G1 X130.548 Y213.598 F300
G1 X130.658 Y213.611 F300
G1 X130.766 Y213.632 F300
G1 X130.874 Y213.66 F300
G1 X130.979 Y213.696 F300
G1 X131.082 Y213.739 F300
G1 X131.182 Y213.787 F300
G1 X131.279 Y213.842 F300
G1 X131.371 Y213.903 F300
G1 X131.458 Y213.968 F300
G1 X131.54 Y214.038 F300
G1 X131.616 Y214.112 F300
G1 X131.685 Y214.19 F300
G1 X131.746 Y214.272 F300
G1 X131.8 Y214.356 F300
G1 X131.846 Y214.442 F300
G1 X131.882 Y214.531 F300
G1 X131.909 Y214.621 F300
G1 X131.925 Y214.713 F300
G1 X131.931 Y214.805 F300
G1 X131.926 Y214.885 F300
G1 X131.913 Y214.961 F300
G1 X131.891 Y215.031 F300
G1 X131.861 Y215.096 F300
G1 X131.824 Y215.156 F300
G1 X131.78 Y215.211 F300
G1 X131.729 Y215.26 F300
G1 X131.672 Y215.304 F300
G1 X131.61 Y215.342 F300
G1 X131.543 Y215.375 F300
G1 X131.471 Y215.401 F300
G1 X131.395 Y215.422 F300
G1 X131.315 Y215.438 F300
G1 X131.232 Y215.447 F300
G1 X131.146 Y215.45 F300
G1 X131.048 Y215.446 F300
G1 X130.949 Y215.435 F300
G1 X130.85 Y215.416 F300
G1 X130.75 Y215.391 F300
G1 X130.651 Y215.359 F300
G1 X130.553 Y215.321 F300
G1 X130.457 Y215.277 F300
G1 X130.364 Y215.228 F300
G1 X130.274 Y215.173 F300
G1 X130.187 Y215.113 F300
G1 X130.105 Y215.049 F300
G1 X130.027 Y214.981 F300
G1 X129.956 Y214.909 F300
G1 X129.89 Y214.833 F300
G1 X129.831 Y214.754 F300
G1 X129.78 Y214.672 F300
G1 X129.736 Y214.588 F300
G1 X129.701 Y214.501 F300
G1 X129.675 Y214.413 F300
G1 X129.66 Y214.322 F300
G1 X129.654 Y214.231 F300;svg > path
G0 X81.715 Y208.981
G1 X81.718 Y208.924 F300
G1 X81.725 Y208.867 F300
G1 X81.739 Y208.81 F300
G1 X81.758 Y208.754 F300
G1 X81.783 Y208.699 F300
G1 X81.814 Y208.647 F300
G1 X81.851 Y208.596 F300
G1 X81.894 Y208.549 F300
G1 X81.945 Y208.505 F300
G1 X82.002 Y208.466 F300
G1 X82.066 Y208.43 F300
G1 X82.138 Y208.401 F300
G1 X82.216 Y208.376 F300
G1 X82.303 Y208.358 F300
G1 X82.397 Y208.347 F300
G1 X82.5 Y208.343 F300
G1 X82.609 Y208.348 F300
G1 X82.719 Y208.361 F300
G1 X82.827 Y208.382 F300
G1 X82.935 Y208.41 F300
G1 X83.04 Y208.446 F300
G1 X83.143 Y208.489 F300
G1 X83.243 Y208.537 F300
G1 X83.34 Y208.592 F300
G1 X83.432 Y208.653 F300
G1 X83.519 Y208.718 F300
G1 X83.601 Y208.788 F300
G1 X83.677 Y208.862 F300
G1 X83.746 Y208.94 F300
G1 X83.807 Y209.022 F300
G1 X83.861 Y209.106 F300
G1 X83.907 Y209.192 F300
G1 X83.943 Y209.281 F300
G1 X83.97 Y209.372 F300
G1 X83.986 Y209.463 F300
G1 X83.992 Y209.555 F300
G1 X83.987 Y209.636 F300
G1 X83.974 Y209.711 F300
G1 X83.952 Y209.781 F300
G1 X83.922 Y209.846 F300
G1 X83.885 Y209.906 F300
G1 X83.841 Y209.961 F300
G1 X83.79 Y210.01 F300
G1 X83.734 Y210.054 F300
G1 X83.671 Y210.092 F300
G1 X83.604 Y210.125 F300
G1 X83.532 Y210.151 F300
G1 X83.456 Y210.172 F300
G1 X83.376 Y210.188 F300
G1 X83.293 Y210.197 F300
G1 X83.207 Y210.2 F300
G1 X83.11 Y210.196 F300
G1 X83.01 Y210.185 F300
G1 X82.911 Y210.166 F300
G1 X82.811 Y210.141 F300
G1 X82.712 Y210.109 F300
G1 X82.614 Y210.071 F300
G1 X82.518 Y210.027 F300
G1 X82.425 Y209.978 F300
G1 X82.335 Y209.923 F300
G1 X82.248 Y209.863 F300
G1 X82.166 Y209.799 F300
G1 X82.088 Y209.731 F300
G1 X82.017 Y209.659 F300
G1 X81.951 Y209.583 F300
G1 X81.892 Y209.504 F300
G1 X81.84 Y209.422 F300
G1 X81.797 Y209.338 F300
G1 X81.762 Y209.251 F300
G1 X81.736 Y209.163 F300
G1 X81.72 Y209.072 F300
G1 X81.715 Y208.981 F300;svg > path
G0 X54.309 Y215.106
G1 X54.311 Y215.049 F300
G1 X54.319 Y214.992 F300
G1 X54.333 Y214.935 F300
G1 X54.352 Y214.879 F300
G1 X54.377 Y214.824 F300
G1 X54.408 Y214.772 F300
G1 X54.445 Y214.721 F300
G1 X54.488 Y214.674 F300
G1 X54.539 Y214.63 F300
G1 X54.596 Y214.591 F300
G1 X54.66 Y214.555 F300
G1 X54.732 Y214.526 F300
G1 X54.811 Y214.501 F300
G1 X54.897 Y214.483 F300
G1 X54.991 Y214.472 F300
G1 X55.094 Y214.468 F300
G1 X55.203 Y214.473 F300
G1 X55.312 Y214.486 F300
G1 X55.421 Y214.507 F300
G1 X55.529 Y214.535 F300
G1 X55.634 Y214.571 F300
G1 X55.737 Y214.614 F300
G1 X55.837 Y214.662 F300
G1 X55.934 Y214.717 F300
G1 X56.026 Y214.778 F300
G1 X56.113 Y214.843 F300
G1 X56.195 Y214.913 F300
G1 X56.27 Y214.987 F300
G1 X56.34 Y215.065 F300
G1 X56.401 Y215.147 F300
G1 X56.455 Y215.231 F300
G1 X56.501 Y215.317 F300
G1 X56.537 Y215.406 F300
G1 X56.564 Y215.497 F300
G1 X56.58 Y215.588 F300
G1 X56.586 Y215.68 F300
G1 X56.581 Y215.761 F300
G1 X56.568 Y215.836 F300
G1 X56.546 Y215.906 F300
G1 X56.516 Y215.971 F300
G1 X56.479 Y216.031 F300
G1 X56.435 Y216.086 F300
G1 X56.384 Y216.135 F300
G1 X56.327 Y216.179 F300
G1 X56.265 Y216.217 F300
G1 X56.198 Y216.25 F300
G1 X56.126 Y216.276 F300
G1 X56.05 Y216.297 F300
G1 X55.97 Y216.313 F300
G1 X55.887 Y216.322 F300
G1 X55.801 Y216.325 F300
G1 X55.703 Y216.321 F300
G1 X55.604 Y216.31 F300
G1 X55.505 Y216.291 F300
G1 X55.405 Y216.266 F300
G1 X55.306 Y216.234 F300
G1 X55.208 Y216.196 F300
G1 X55.112 Y216.152 F300
G1 X55.019 Y216.103 F300
G1 X54.929 Y216.048 F300
G1 X54.842 Y215.988 F300
G1 X54.76 Y215.924 F300
G1 X54.682 Y215.856 F300
G1 X54.61 Y215.784 F300
G1 X54.545 Y215.708 F300
G1 X54.486 Y215.629 F300
G1 X54.434 Y215.547 F300
G1 X54.391 Y215.463 F300
G1 X54.356 Y215.376 F300
G1 X54.33 Y215.288 F300
G1 X54.314 Y215.197 F300
G1 X54.309 Y215.106 F300;svg > path
G0 X169.575 Y214.231
G1 X169.577 Y214.174 F300
G1 X169.585 Y214.117 F300
G1 X169.599 Y214.06 F300
G1 X169.618 Y214.004 F300
G1 X169.643 Y213.949 F300
G1 X169.673 Y213.897 F300
G1 X169.711 Y213.846 F300
G1 X169.754 Y213.799 F300
G1 X169.805 Y213.755 F300
G1 X169.862 Y213.716 F300
G1 X169.926 Y213.68 F300
G1 X169.998 Y213.65 F300
G1 X170.076 Y213.626 F300
G1 X170.163 Y213.608 F300
G1 X170.257 Y213.597 F300
G1 X170.36 Y213.593 F300
G1 X170.469 Y213.598 F300
G1 X170.579 Y213.611 F300
G1 X170.687 Y213.632 F300
G1 X170.795 Y213.66 F300
G1 X170.9 Y213.696 F300
G1 X171.003 Y213.739 F300
G1 X171.103 Y213.787 F300
G1 X171.2 Y213.842 F300
G1 X171.292 Y213.903 F300
G1 X171.379 Y213.968 F300
G1 X171.461 Y214.038 F300
G1 X171.537 Y214.112 F300
G1 X171.606 Y214.19 F300
G1 X171.667 Y214.272 F300
G1 X171.721 Y214.356 F300
G1 X171.767 Y214.442 F300
G1 X171.803 Y214.531 F300
G1 X171.83 Y214.621 F300
G1 X171.846 Y214.713 F300
G1 X171.852 Y214.805 F300
G1 X171.847 Y214.885 F300
G1 X171.834 Y214.961 F300
G1 X171.812 Y215.031 F300
G1 X171.782 Y215.096 F300
G1 X171.745 Y215.156 F300
G1 X171.701 Y215.211 F300
G1 X171.65 Y215.26 F300
G1 X171.593 Y215.304 F300
G1 X171.531 Y215.342 F300
G1 X171.464 Y215.375 F300
G1 X171.392 Y215.401 F300
G1 X171.316 Y215.422 F300
G1 X171.236 Y215.438 F300
G1 X171.153 Y215.447 F300
G1 X171.067 Y215.45 F300
G1 X170.969 Y215.446 F300
G1 X170.87 Y215.435 F300
G1 X170.771 Y215.416 F300
G1 X170.671 Y215.391 F300
G1 X170.572 Y215.359 F300
G1 X170.474 Y215.321 F300
G1 X170.378 Y215.277 F300
G1 X170.285 Y215.228 F300
G1 X170.195 Y215.173 F300
G1 X170.108 Y215.113 F300
G1 X170.026 Y215.049 F300
G1 X169.948 Y214.981 F300
G1 X169.876 Y214.909 F300
G1 X169.811 Y214.833 F300
G1 X169.752 Y214.754 F300
G1 X169.7 Y214.672 F300
G1 X169.657 Y214.588 F300
G1 X169.622 Y214.501 F300
G1 X169.596 Y214.413 F300
G1 X169.58 Y214.322 F300
G1 X169.575 Y214.231 F300;svg > path
G0 X169.575 Y215.981
G1 X169.577 Y215.924 F300
G1 X169.585 Y215.867 F300
G1 X169.599 Y215.81 F300
G1 X169.618 Y215.754 F300
G1 X169.643 Y215.699 F300
G1 X169.673 Y215.647 F300
G1 X169.711 Y215.596 F300
G1 X169.754 Y215.549 F300
G1 X169.805 Y215.505 F300
G1 X169.862 Y215.465 F300
G1 X169.926 Y215.43 F300
G1 X169.998 Y215.4 F300
G1 X170.076 Y215.376 F300
G1 X170.163 Y215.358 F300
G1 X170.257 Y215.347 F300
G1 X170.36 Y215.343 F300
G1 X170.469 Y215.348 F300
G1 X170.579 Y215.36 F300
G1 X170.687 Y215.381 F300
G1 X170.795 Y215.41 F300
G1 X170.9 Y215.446 F300
G1 X171.003 Y215.488 F300
G1 X171.103 Y215.537 F300
G1 X171.2 Y215.592 F300
G1 X171.292 Y215.653 F300
G1 X171.379 Y215.718 F300
G1 X171.461 Y215.788 F300
G1 X171.537 Y215.862 F300
G1 X171.606 Y215.94 F300
G1 X171.667 Y216.022 F300
G1 X171.721 Y216.106 F300
G1 X171.767 Y216.192 F300
G1 X171.803 Y216.281 F300
G1 X171.83 Y216.372 F300
G1 X171.846 Y216.463 F300
G1 X171.852 Y216.555 F300
G1 X171.847 Y216.636 F300
G1 X171.834 Y216.711 F300
G1 X171.812 Y216.781 F300
G1 X171.782 Y216.846 F300
G1 X171.745 Y216.906 F300
G1 X171.701 Y216.961 F300
G1 X171.65 Y217.01 F300
G1 X171.593 Y217.054 F300
G1 X171.531 Y217.092 F300
G1 X171.464 Y217.125 F300
G1 X171.392 Y217.151 F300
G1 X171.316 Y217.172 F300
G1 X171.236 Y217.188 F300
G1 X171.153 Y217.197 F300
G1 X171.067 Y217.2 F300
G1 X170.969 Y217.196 F300
G1 X170.87 Y217.185 F300
G1 X170.771 Y217.166 F300
G1 X170.671 Y217.141 F300
G1 X170.572 Y217.109 F300
G1 X170.474 Y217.071 F300
G1 X170.378 Y217.027 F300
G1 X170.285 Y216.978 F300
G1 X170.195 Y216.923 F300
G1 X170.108 Y216.863 F300
G1 X170.026 Y216.799 F300
G1 X169.948 Y216.731 F300
G1 X169.876 Y216.659 F300
G1 X169.811 Y216.583 F300
G1 X169.752 Y216.504 F300
G1 X169.7 Y216.422 F300
G1 X169.657 Y216.338 F300
G1 X169.622 Y216.251 F300
G1 X169.596 Y216.163 F300
G1 X169.58 Y216.072 F300
G1 X169.575 Y215.981 F300;svg > path
G0 X46.291 Y215.106
G1 X46.293 Y215.049 F300
G1 X46.301 Y214.992 F300
G1 X46.314 Y214.935 F300
G1 X46.333 Y214.879 F300
G1 X46.358 Y214.824 F300
G1 X46.389 Y214.772 F300
G1 X46.427 Y214.721 F300
G1 X46.47 Y214.674 F300
G1 X46.52 Y214.63 F300
G1 X46.578 Y214.591 F300
G1 X46.642 Y214.555 F300
G1 X46.713 Y214.526 F300
G1 X46.792 Y214.501 F300
G1 X46.879 Y214.483 F300
G1 X46.973 Y214.472 F300
G1 X47.075 Y214.468 F300
G1 X47.185 Y214.473 F300
G1 X47.294 Y214.486 F300
G1 X47.403 Y214.507 F300
G1 X47.51 Y214.535 F300
G1 X47.616 Y214.571 F300
G1 X47.719 Y214.614 F300
G1 X47.819 Y214.662 F300
G1 X47.915 Y214.717 F300
G1 X48.008 Y214.778 F300
G1 X48.095 Y214.843 F300
G1 X48.177 Y214.913 F300
G1 X48.252 Y214.987 F300
G1 X48.321 Y215.065 F300
G1 X48.383 Y215.147 F300
G1 X48.437 Y215.231 F300
G1 X48.483 Y215.317 F300
G1 X48.519 Y215.406 F300
G1 X48.546 Y215.497 F300
G1 X48.562 Y215.588 F300
G1 X48.568 Y215.68 F300
G1 X48.563 Y215.761 F300
G1 X48.55 Y215.836 F300
G1 X48.528 Y215.906 F300
G1 X48.498 Y215.971 F300
G1 X48.461 Y216.031 F300
G1 X48.417 Y216.086 F300
G1 X48.366 Y216.135 F300
G1 X48.309 Y216.179 F300
G1 X48.247 Y216.217 F300
G1 X48.18 Y216.25 F300
G1 X48.108 Y216.276 F300
G1 X48.031 Y216.297 F300
G1 X47.952 Y216.313 F300
G1 X47.869 Y216.322 F300
G1 X47.783 Y216.325 F300
G1 X47.685 Y216.321 F300
G1 X47.586 Y216.31 F300
G1 X47.486 Y216.291 F300
G1 X47.387 Y216.266 F300
G1 X47.288 Y216.234 F300
G1 X47.19 Y216.196 F300
G1 X47.094 Y216.152 F300
G1 X47.001 Y216.103 F300
G1 X46.91 Y216.048 F300
G1 X46.824 Y215.988 F300
G1 X46.741 Y215.924 F300
G1 X46.664 Y215.856 F300
G1 X46.592 Y215.784 F300
G1 X46.527 Y215.708 F300
G1 X46.468 Y215.629 F300
G1 X46.416 Y215.547 F300
G1 X46.373 Y215.463 F300
G1 X46.338 Y215.376 F300
G1 X46.312 Y215.288 F300
G1 X46.296 Y215.197 F300
G1 X46.291 Y215.106 F300;svg > path
G0 X169.575 Y217.731
G1 X169.577 Y217.674 F300
G1 X169.585 Y217.617 F300
G1 X169.599 Y217.56 F300
G1 X169.618 Y217.504 F300
G1 X169.643 Y217.449 F300
G1 X169.673 Y217.397 F300
G1 X169.711 Y217.346 F300
G1 X169.754 Y217.299 F300
G1 X169.805 Y217.255 F300
G1 X169.862 Y217.215 F300
G1 X169.926 Y217.18 F300
G1 X169.998 Y217.15 F300
G1 X170.076 Y217.126 F300
G1 X170.163 Y217.108 F300
G1 X170.257 Y217.097 F300
G1 X170.36 Y217.093 F300
G1 X170.469 Y217.098 F300
G1 X170.579 Y217.11 F300
G1 X170.687 Y217.131 F300
G1 X170.795 Y217.16 F300
G1 X170.9 Y217.196 F300
G1 X171.003 Y217.238 F300
G1 X171.103 Y217.287 F300
G1 X171.2 Y217.342 F300
G1 X171.292 Y217.403 F300
G1 X171.379 Y217.468 F300
G1 X171.461 Y217.538 F300
G1 X171.537 Y217.612 F300
G1 X171.606 Y217.69 F300
G1 X171.667 Y217.772 F300
G1 X171.721 Y217.856 F300
G1 X171.767 Y217.942 F300
G1 X171.803 Y218.031 F300
G1 X171.83 Y218.121 F300
G1 X171.846 Y218.213 F300
G1 X171.852 Y218.305 F300
G1 X171.847 Y218.385 F300
G1 X171.834 Y218.461 F300
G1 X171.812 Y218.531 F300
G1 X171.782 Y218.596 F300
G1 X171.745 Y218.656 F300
G1 X171.701 Y218.711 F300
G1 X171.65 Y218.76 F300
G1 X171.593 Y218.804 F300
G1 X171.531 Y218.842 F300
G1 X171.464 Y218.875 F300
G1 X171.392 Y218.901 F300
G1 X171.316 Y218.923 F300
G1 X171.236 Y218.938 F300
G1 X171.153 Y218.947 F300
G1 X171.067 Y218.95 F300
G1 X170.969 Y218.946 F300
G1 X170.87 Y218.935 F300
G1 X170.771 Y218.916 F300
G1 X170.671 Y218.891 F300
G1 X170.572 Y218.859 F300
G1 X170.474 Y218.821 F300
G1 X170.378 Y218.777 F300
G1 X170.285 Y218.728 F300
G1 X170.195 Y218.673 F300
G1 X170.108 Y218.613 F300
G1 X170.026 Y218.549 F300
G1 X169.948 Y218.481 F300
G1 X169.876 Y218.409 F300
G1 X169.811 Y218.333 F300
G1 X169.752 Y218.254 F300
G1 X169.7 Y218.172 F300
G1 X169.657 Y218.088 F300
G1 X169.622 Y218.001 F300
G1 X169.596 Y217.913 F300
G1 X169.58 Y217.822 F300
G1 X169.575 Y217.731 F300;svg > path
G0 X103.097 Y216.856
G1 X103.099 Y216.799 F300
G1 X103.107 Y216.742 F300
G1 X103.121 Y216.685 F300
G1 X103.14 Y216.629 F300
G1 X103.165 Y216.574 F300
G1 X103.196 Y216.522 F300
G1 X103.233 Y216.471 F300
G1 X103.276 Y216.424 F300
G1 X103.327 Y216.38 F300
G1 X103.384 Y216.34 F300
G1 X103.448 Y216.305 F300
G1 X103.52 Y216.275 F300
G1 X103.598 Y216.251 F300
G1 X103.685 Y216.233 F300
G1 X103.779 Y216.222 F300
G1 X103.882 Y216.218 F300
G1 X103.991 Y216.223 F300
G1 X104.1 Y216.235 F300
G1 X104.209 Y216.256 F300
G1 X104.317 Y216.285 F300
G1 X104.422 Y216.321 F300
G1 X104.525 Y216.363 F300
G1 X104.625 Y216.412 F300
G1 X104.722 Y216.467 F300
G1 X104.814 Y216.528 F300
G1 X104.901 Y216.593 F300
G1 X104.983 Y216.663 F300
G1 X105.059 Y216.737 F300
G1 X105.128 Y216.815 F300
G1 X105.189 Y216.897 F300
G1 X105.243 Y216.981 F300
G1 X105.289 Y217.068 F300
G1 X105.325 Y217.156 F300
G1 X105.352 Y217.247 F300
G1 X105.368 Y217.338 F300
G1 X105.374 Y217.43 F300
G1 X105.369 Y217.511 F300
G1 X105.356 Y217.586 F300
G1 X105.334 Y217.656 F300
G1 X105.304 Y217.721 F300
G1 X105.267 Y217.781 F300
G1 X105.223 Y217.836 F300
G1 X105.172 Y217.885 F300
G1 X105.115 Y217.929 F300
G1 X105.053 Y217.967 F300
G1 X104.986 Y218 F300
G1 X104.914 Y218.026 F300
G1 X104.838 Y218.048 F300
G1 X104.758 Y218.063 F300
G1 X104.675 Y218.072 F300
G1 X104.589 Y218.075 F300
G1 X104.491 Y218.071 F300
G1 X104.392 Y218.06 F300
G1 X104.293 Y218.041 F300
G1 X104.193 Y218.016 F300
G1 X104.094 Y217.984 F300
G1 X103.996 Y217.946 F300
G1 X103.9 Y217.902 F300
G1 X103.807 Y217.853 F300
G1 X103.717 Y217.798 F300
G1 X103.63 Y217.739 F300
G1 X103.548 Y217.674 F300
G1 X103.47 Y217.606 F300
G1 X103.398 Y217.534 F300
G1 X103.333 Y217.458 F300
G1 X103.274 Y217.379 F300
G1 X103.222 Y217.297 F300
G1 X103.179 Y217.213 F300
G1 X103.144 Y217.126 F300
G1 X103.118 Y217.038 F300
G1 X103.102 Y216.947 F300
G1 X103.097 Y216.856 F300;svg > path
G0 X103.097 Y218.606
G1 X103.099 Y218.549 F300
G1 X103.107 Y218.492 F300
G1 X103.121 Y218.435 F300
G1 X103.14 Y218.379 F300
G1 X103.165 Y218.324 F300
G1 X103.196 Y218.272 F300
G1 X103.233 Y218.221 F300
G1 X103.276 Y218.174 F300
G1 X103.327 Y218.13 F300
G1 X103.384 Y218.09 F300
G1 X103.448 Y218.055 F300
G1 X103.52 Y218.025 F300
G1 X103.598 Y218.001 F300
G1 X103.685 Y217.983 F300
G1 X103.779 Y217.972 F300
G1 X103.882 Y217.968 F300
G1 X103.991 Y217.973 F300
G1 X104.1 Y217.985 F300
G1 X104.209 Y218.006 F300
G1 X104.317 Y218.035 F300
G1 X104.422 Y218.071 F300
G1 X104.525 Y218.113 F300
G1 X104.625 Y218.162 F300
G1 X104.722 Y218.217 F300
G1 X104.814 Y218.278 F300
G1 X104.901 Y218.343 F300
G1 X104.983 Y218.413 F300
G1 X105.059 Y218.487 F300
G1 X105.128 Y218.565 F300
G1 X105.189 Y218.646 F300
G1 X105.243 Y218.731 F300
G1 X105.289 Y218.817 F300
G1 X105.325 Y218.906 F300
G1 X105.352 Y218.996 F300
G1 X105.368 Y219.088 F300
G1 X105.374 Y219.18 F300
G1 X105.369 Y219.26 F300
G1 X105.356 Y219.336 F300
G1 X105.334 Y219.406 F300
G1 X105.304 Y219.471 F300
G1 X105.267 Y219.531 F300
G1 X105.223 Y219.586 F300
G1 X105.172 Y219.635 F300
G1 X105.115 Y219.679 F300
G1 X105.053 Y219.717 F300
G1 X104.986 Y219.749 F300
G1 X104.914 Y219.776 F300
G1 X104.838 Y219.797 F300
G1 X104.758 Y219.813 F300
G1 X104.675 Y219.822 F300
G1 X104.589 Y219.825 F300
G1 X104.491 Y219.821 F300
G1 X104.392 Y219.81 F300
G1 X104.293 Y219.791 F300
G1 X104.193 Y219.766 F300
G1 X104.094 Y219.734 F300
G1 X103.996 Y219.696 F300
G1 X103.9 Y219.652 F300
G1 X103.807 Y219.603 F300
G1 X103.717 Y219.548 F300
G1 X103.63 Y219.488 F300
G1 X103.548 Y219.424 F300
G1 X103.47 Y219.356 F300
G1 X103.398 Y219.284 F300
G1 X103.333 Y219.208 F300
G1 X103.274 Y219.129 F300
G1 X103.222 Y219.047 F300
G1 X103.179 Y218.963 F300
G1 X103.144 Y218.876 F300
G1 X103.118 Y218.788 F300
G1 X103.102 Y218.697 F300
G1 X103.097 Y218.606 F300;svg > path
G0 X72.212 Y215.106
G1 X72.215 Y215.049 F300
G1 X72.223 Y214.992 F300
G1 X72.236 Y214.935 F300
G1 X72.255 Y214.879 F300
G1 X72.28 Y214.824 F300
G1 X72.311 Y214.772 F300
G1 X72.348 Y214.721 F300
G1 X72.392 Y214.674 F300
G1 X72.442 Y214.63 F300
G1 X72.499 Y214.591 F300
G1 X72.563 Y214.555 F300
G1 X72.635 Y214.526 F300
G1 X72.714 Y214.501 F300
G1 X72.8 Y214.483 F300
G1 X72.895 Y214.472 F300
G1 X72.997 Y214.468 F300
G1 X73.106 Y214.473 F300
G1 X73.216 Y214.486 F300
G1 X73.324 Y214.507 F300
G1 X73.432 Y214.535 F300
G1 X73.537 Y214.571 F300
G1 X73.641 Y214.614 F300
G1 X73.741 Y214.662 F300
G1 X73.837 Y214.717 F300
G1 X73.929 Y214.778 F300
G1 X74.016 Y214.843 F300
G1 X74.098 Y214.913 F300
G1 X74.174 Y214.987 F300
G1 X74.243 Y215.065 F300
G1 X74.305 Y215.147 F300
G1 X74.359 Y215.231 F300
G1 X74.404 Y215.317 F300
G1 X74.44 Y215.406 F300
G1 X74.467 Y215.497 F300
G1 X74.484 Y215.588 F300
G1 X74.489 Y215.68 F300
G1 X74.485 Y215.761 F300
G1 X74.471 Y215.836 F300
G1 X74.449 Y215.906 F300
G1 X74.42 Y215.971 F300
G1 X74.382 Y216.031 F300
G1 X74.338 Y216.086 F300
G1 X74.287 Y216.135 F300
G1 X74.231 Y216.179 F300
G1 X74.168 Y216.217 F300
G1 X74.101 Y216.25 F300
G1 X74.029 Y216.276 F300
G1 X73.953 Y216.297 F300
G1 X73.873 Y216.313 F300
G1 X73.79 Y216.322 F300
G1 X73.704 Y216.325 F300
G1 X73.607 Y216.321 F300
G1 X73.508 Y216.31 F300
G1 X73.408 Y216.291 F300
G1 X73.308 Y216.266 F300
G1 X73.209 Y216.234 F300
G1 X73.111 Y216.196 F300
G1 X73.016 Y216.152 F300
G1 X72.922 Y216.103 F300
G1 X72.832 Y216.048 F300
G1 X72.745 Y215.988 F300
G1 X72.663 Y215.924 F300
G1 X72.586 Y215.856 F300
G1 X72.514 Y215.784 F300
G1 X72.448 Y215.708 F300
G1 X72.389 Y215.629 F300
G1 X72.338 Y215.547 F300
G1 X72.294 Y215.463 F300
G1 X72.259 Y215.376 F300
G1 X72.233 Y215.288 F300
G1 X72.218 Y215.197 F300
G1 X72.212 Y215.106 F300;svg > path
G0 X143.018 Y214.231
G1 X143.02 Y214.174 F300
G1 X143.028 Y214.117 F300
G1 X143.042 Y214.06 F300
G1 X143.061 Y214.004 F300
G1 X143.086 Y213.949 F300
G1 X143.117 Y213.897 F300
G1 X143.154 Y213.846 F300
G1 X143.197 Y213.799 F300
G1 X143.248 Y213.755 F300
G1 X143.305 Y213.716 F300
G1 X143.369 Y213.68 F300
G1 X143.441 Y213.65 F300
G1 X143.519 Y213.626 F300
G1 X143.606 Y213.608 F300
G1 X143.7 Y213.597 F300
G1 X143.803 Y213.593 F300
G1 X143.912 Y213.598 F300
G1 X144.021 Y213.611 F300
G1 X144.13 Y213.632 F300
G1 X144.237 Y213.66 F300
G1 X144.343 Y213.696 F300
G1 X144.446 Y213.739 F300
G1 X144.546 Y213.787 F300
G1 X144.643 Y213.842 F300
G1 X144.735 Y213.903 F300
G1 X144.822 Y213.968 F300
G1 X144.904 Y214.038 F300
G1 X144.979 Y214.112 F300
G1 X145.048 Y214.19 F300
G1 X145.11 Y214.272 F300
G1 X145.164 Y214.356 F300
G1 X145.21 Y214.442 F300
G1 X145.246 Y214.531 F300
G1 X145.273 Y214.621 F300
G1 X145.289 Y214.713 F300
G1 X145.295 Y214.805 F300
G1 X145.29 Y214.885 F300
G1 X145.277 Y214.961 F300
G1 X145.255 Y215.031 F300
G1 X145.225 Y215.096 F300
G1 X145.188 Y215.156 F300
G1 X145.144 Y215.211 F300
G1 X145.093 Y215.26 F300
G1 X145.036 Y215.304 F300
G1 X144.974 Y215.342 F300
G1 X144.907 Y215.375 F300
G1 X144.835 Y215.401 F300
G1 X144.759 Y215.422 F300
G1 X144.679 Y215.438 F300
G1 X144.596 Y215.447 F300
G1 X144.51 Y215.45 F300
G1 X144.412 Y215.446 F300
G1 X144.313 Y215.435 F300
G1 X144.213 Y215.416 F300
G1 X144.114 Y215.391 F300
G1 X144.015 Y215.359 F300
G1 X143.917 Y215.321 F300
G1 X143.821 Y215.277 F300
G1 X143.728 Y215.228 F300
G1 X143.637 Y215.173 F300
G1 X143.551 Y215.113 F300
G1 X143.469 Y215.049 F300
G1 X143.391 Y214.981 F300
G1 X143.319 Y214.909 F300
G1 X143.254 Y214.833 F300
G1 X143.195 Y214.754 F300
G1 X143.143 Y214.672 F300
G1 X143.1 Y214.588 F300
G1 X143.065 Y214.501 F300
G1 X143.039 Y214.413 F300
G1 X143.023 Y214.322 F300
G1 X143.018 Y214.231 F300;svg > path
G0 X177.593 Y214.231
G1 X177.596 Y214.174 F300
G1 X177.604 Y214.117 F300
G1 X177.617 Y214.06 F300
G1 X177.636 Y214.004 F300
G1 X177.661 Y213.949 F300
G1 X177.692 Y213.897 F300
G1 X177.729 Y213.846 F300
G1 X177.773 Y213.799 F300
G1 X177.823 Y213.755 F300
G1 X177.88 Y213.716 F300
G1 X177.944 Y213.68 F300
G1 X178.016 Y213.65 F300
G1 X178.095 Y213.626 F300
G1 X178.181 Y213.608 F300
G1 X178.276 Y213.597 F300
G1 X178.378 Y213.593 F300
G1 X178.487 Y213.598 F300
G1 X178.597 Y213.611 F300
G1 X178.705 Y213.632 F300
G1 X178.813 Y213.66 F300
G1 X178.918 Y213.696 F300
G1 X179.021 Y213.739 F300
G1 X179.121 Y213.787 F300
G1 X179.218 Y213.842 F300
G1 X179.31 Y213.903 F300
G1 X179.397 Y213.968 F300
G1 X179.479 Y214.038 F300
G1 X179.555 Y214.112 F300
G1 X179.624 Y214.19 F300
G1 X179.685 Y214.272 F300
G1 X179.739 Y214.356 F300
G1 X179.785 Y214.442 F300
G1 X179.821 Y214.531 F300
G1 X179.848 Y214.621 F300
G1 X179.864 Y214.713 F300
G1 X179.87 Y214.805 F300
G1 X179.866 Y214.885 F300
G1 X179.852 Y214.961 F300
G1 X179.83 Y215.031 F300
G1 X179.8 Y215.096 F300
G1 X179.763 Y215.156 F300
G1 X179.719 Y215.211 F300
G1 X179.668 Y215.26 F300
G1 X179.612 Y215.304 F300
G1 X179.549 Y215.342 F300
G1 X179.482 Y215.375 F300
G1 X179.41 Y215.401 F300
G1 X179.334 Y215.422 F300
G1 X179.254 Y215.438 F300
G1 X179.171 Y215.447 F300
G1 X179.085 Y215.45 F300
G1 X178.988 Y215.446 F300
G1 X178.888 Y215.435 F300
G1 X178.789 Y215.416 F300
G1 X178.689 Y215.391 F300
G1 X178.59 Y215.359 F300
G1 X178.492 Y215.321 F300
G1 X178.397 Y215.277 F300
G1 X178.303 Y215.228 F300
G1 X178.213 Y215.173 F300
G1 X178.126 Y215.113 F300
G1 X178.044 Y215.049 F300
G1 X177.967 Y214.981 F300
G1 X177.895 Y214.909 F300
G1 X177.829 Y214.833 F300
G1 X177.77 Y214.754 F300
G1 X177.719 Y214.672 F300
G1 X177.675 Y214.588 F300
G1 X177.64 Y214.501 F300
G1 X177.614 Y214.413 F300
G1 X177.599 Y214.322 F300
G1 X177.593 Y214.231 F300;svg > path
G0 X177.593 Y215.981
G1 X177.596 Y215.924 F300
G1 X177.604 Y215.867 F300
G1 X177.617 Y215.81 F300
G1 X177.636 Y215.754 F300
G1 X177.661 Y215.699 F300
G1 X177.692 Y215.647 F300
G1 X177.729 Y215.596 F300
G1 X177.773 Y215.549 F300
G1 X177.823 Y215.505 F300
G1 X177.88 Y215.465 F300
G1 X177.944 Y215.43 F300
G1 X178.016 Y215.4 F300
G1 X178.095 Y215.376 F300
G1 X178.181 Y215.358 F300
G1 X178.276 Y215.347 F300
G1 X178.378 Y215.343 F300
G1 X178.487 Y215.348 F300
G1 X178.597 Y215.36 F300
G1 X178.705 Y215.381 F300
G1 X178.813 Y215.41 F300
G1 X178.918 Y215.446 F300
G1 X179.021 Y215.488 F300
G1 X179.121 Y215.537 F300
G1 X179.218 Y215.592 F300
G1 X179.31 Y215.653 F300
G1 X179.397 Y215.718 F300
G1 X179.479 Y215.788 F300
G1 X179.555 Y215.862 F300
G1 X179.624 Y215.94 F300
G1 X179.685 Y216.022 F300
G1 X179.739 Y216.106 F300
G1 X179.785 Y216.192 F300
G1 X179.821 Y216.281 F300
G1 X179.848 Y216.372 F300
G1 X179.864 Y216.463 F300
G1 X179.87 Y216.555 F300
G1 X179.866 Y216.636 F300
G1 X179.852 Y216.711 F300
G1 X179.83 Y216.781 F300
G1 X179.8 Y216.846 F300
G1 X179.763 Y216.906 F300
G1 X179.719 Y216.961 F300
G1 X179.668 Y217.01 F300
G1 X179.612 Y217.054 F300
G1 X179.549 Y217.092 F300
G1 X179.482 Y217.125 F300
G1 X179.41 Y217.151 F300
G1 X179.334 Y217.172 F300
G1 X179.254 Y217.188 F300
G1 X179.171 Y217.197 F300
G1 X179.085 Y217.2 F300
G1 X178.988 Y217.196 F300
G1 X178.888 Y217.185 F300
G1 X178.789 Y217.166 F300
G1 X178.689 Y217.141 F300
G1 X178.59 Y217.109 F300
G1 X178.492 Y217.071 F300
G1 X178.397 Y217.027 F300
G1 X178.303 Y216.978 F300
G1 X178.213 Y216.923 F300
G1 X178.126 Y216.863 F300
G1 X178.044 Y216.799 F300
G1 X177.967 Y216.731 F300
G1 X177.895 Y216.659 F300
G1 X177.829 Y216.583 F300
G1 X177.77 Y216.504 F300
G1 X177.719 Y216.422 F300
G1 X177.675 Y216.338 F300
G1 X177.64 Y216.251 F300
G1 X177.614 Y216.163 F300
G1 X177.599 Y216.072 F300
G1 X177.593 Y215.981 F300;svg > path
G0 X177.593 Y217.731
G1 X177.596 Y217.674 F300
G1 X177.604 Y217.617 F300
G1 X177.617 Y217.56 F300
G1 X177.636 Y217.504 F300
G1 X177.661 Y217.449 F300
G1 X177.692 Y217.397 F300
G1 X177.729 Y217.346 F300
G1 X177.773 Y217.299 F300
G1 X177.823 Y217.255 F300
G1 X177.88 Y217.215 F300
G1 X177.944 Y217.18 F300
G1 X178.016 Y217.15 F300
G1 X178.095 Y217.126 F300
G1 X178.181 Y217.108 F300
G1 X178.276 Y217.097 F300
G1 X178.378 Y217.093 F300
G1 X178.487 Y217.098 F300
G1 X178.597 Y217.11 F300
G1 X178.705 Y217.131 F300
G1 X178.813 Y217.16 F300
G1 X178.918 Y217.196 F300
G1 X179.021 Y217.238 F300
G1 X179.121 Y217.287 F300
G1 X179.218 Y217.342 F300
G1 X179.31 Y217.403 F300
G1 X179.397 Y217.468 F300
G1 X179.479 Y217.538 F300
G1 X179.555 Y217.612 F300
G1 X179.624 Y217.69 F300
G1 X179.685 Y217.772 F300
G1 X179.739 Y217.856 F300
G1 X179.785 Y217.942 F300
G1 X179.821 Y218.031 F300
G1 X179.848 Y218.121 F300
G1 X179.864 Y218.213 F300
G1 X179.87 Y218.305 F300
G1 X179.866 Y218.385 F300
G1 X179.852 Y218.461 F300
G1 X179.83 Y218.531 F300
G1 X179.8 Y218.596 F300
G1 X179.763 Y218.656 F300
G1 X179.719 Y218.711 F300
G1 X179.668 Y218.76 F300
G1 X179.612 Y218.804 F300
G1 X179.549 Y218.842 F300
G1 X179.482 Y218.875 F300
G1 X179.41 Y218.901 F300
G1 X179.334 Y218.923 F300
G1 X179.254 Y218.938 F300
G1 X179.171 Y218.947 F300
G1 X179.085 Y218.95 F300
G1 X178.988 Y218.946 F300
G1 X178.888 Y218.935 F300
G1 X178.789 Y218.916 F300
G1 X178.689 Y218.891 F300
G1 X178.59 Y218.859 F300
G1 X178.492 Y218.821 F300
G1 X178.397 Y218.777 F300
G1 X178.303 Y218.728 F300
G1 X178.213 Y218.673 F300
G1 X178.126 Y218.613 F300
G1 X178.044 Y218.549 F300
G1 X177.967 Y218.481 F300
G1 X177.895 Y218.409 F300
G1 X177.829 Y218.333 F300
G1 X177.77 Y218.254 F300
G1 X177.719 Y218.172 F300
G1 X177.675 Y218.088 F300
G1 X177.64 Y218.001 F300
G1 X177.614 Y217.913 F300
G1 X177.599 Y217.822 F300
G1 X177.593 Y217.731 F300;svg > path
G0 X113.788 Y218.606
G1 X113.791 Y218.549 F300
G1 X113.798 Y218.492 F300
G1 X113.812 Y218.435 F300
G1 X113.831 Y218.379 F300
G1 X113.856 Y218.324 F300
G1 X113.887 Y218.272 F300
G1 X113.924 Y218.221 F300
G1 X113.967 Y218.174 F300
G1 X114.018 Y218.13 F300
G1 X114.075 Y218.09 F300
G1 X114.139 Y218.055 F300
G1 X114.211 Y218.025 F300
G1 X114.289 Y218.001 F300
G1 X114.376 Y217.983 F300
G1 X114.47 Y217.972 F300
G1 X114.573 Y217.968 F300
G1 X114.682 Y217.973 F300
G1 X114.791 Y217.985 F300
G1 X114.9 Y218.006 F300
G1 X115.008 Y218.035 F300
G1 X115.113 Y218.071 F300
G1 X115.216 Y218.113 F300
G1 X115.316 Y218.162 F300
G1 X115.413 Y218.217 F300
G1 X115.505 Y218.278 F300
G1 X115.592 Y218.343 F300
G1 X115.674 Y218.413 F300
G1 X115.749 Y218.487 F300
G1 X115.818 Y218.565 F300
G1 X115.88 Y218.646 F300
G1 X115.934 Y218.731 F300
G1 X115.98 Y218.817 F300
G1 X116.016 Y218.906 F300
G1 X116.043 Y218.996 F300
G1 X116.059 Y219.088 F300
G1 X116.065 Y219.18 F300
G1 X116.06 Y219.26 F300
G1 X116.047 Y219.336 F300
G1 X116.025 Y219.406 F300
G1 X115.995 Y219.471 F300
G1 X115.958 Y219.531 F300
G1 X115.914 Y219.586 F300
G1 X115.863 Y219.635 F300
G1 X115.806 Y219.679 F300
G1 X115.744 Y219.717 F300
G1 X115.677 Y219.749 F300
G1 X115.605 Y219.776 F300
G1 X115.529 Y219.797 F300
G1 X115.449 Y219.813 F300
G1 X115.366 Y219.822 F300
G1 X115.28 Y219.825 F300
G1 X115.182 Y219.821 F300
G1 X115.083 Y219.81 F300
G1 X114.984 Y219.791 F300
G1 X114.884 Y219.766 F300
G1 X114.785 Y219.734 F300
G1 X114.687 Y219.696 F300
G1 X114.591 Y219.652 F300
G1 X114.498 Y219.603 F300
G1 X114.408 Y219.548 F300
G1 X114.321 Y219.488 F300
G1 X114.239 Y219.424 F300
G1 X114.161 Y219.356 F300
G1 X114.089 Y219.284 F300
G1 X114.024 Y219.208 F300
G1 X113.965 Y219.129 F300
G1 X113.913 Y219.047 F300
G1 X113.87 Y218.963 F300
G1 X113.835 Y218.876 F300
G1 X113.809 Y218.788 F300
G1 X113.793 Y218.697 F300
G1 X113.788 Y218.606 F300;svg > path
G0 X113.788 Y216.856
G1 X113.791 Y216.799 F300
G1 X113.798 Y216.742 F300
G1 X113.812 Y216.685 F300
G1 X113.831 Y216.629 F300
G1 X113.856 Y216.574 F300
G1 X113.887 Y216.522 F300
G1 X113.924 Y216.471 F300
G1 X113.967 Y216.424 F300
G1 X114.018 Y216.38 F300
G1 X114.075 Y216.34 F300
G1 X114.139 Y216.305 F300
G1 X114.211 Y216.275 F300
G1 X114.289 Y216.251 F300
G1 X114.376 Y216.233 F300
G1 X114.47 Y216.222 F300
G1 X114.573 Y216.218 F300
G1 X114.682 Y216.223 F300
G1 X114.791 Y216.235 F300
G1 X114.9 Y216.256 F300
G1 X115.008 Y216.285 F300
G1 X115.113 Y216.321 F300
G1 X115.216 Y216.363 F300
G1 X115.316 Y216.412 F300
G1 X115.413 Y216.467 F300
G1 X115.505 Y216.528 F300
G1 X115.592 Y216.593 F300
G1 X115.674 Y216.663 F300
G1 X115.749 Y216.737 F300
G1 X115.818 Y216.815 F300
G1 X115.88 Y216.897 F300
G1 X115.934 Y216.981 F300
G1 X115.98 Y217.068 F300
G1 X116.016 Y217.156 F300
G1 X116.043 Y217.247 F300
G1 X116.059 Y217.338 F300
G1 X116.065 Y217.43 F300
G1 X116.06 Y217.511 F300
G1 X116.047 Y217.586 F300
G1 X116.025 Y217.656 F300
G1 X115.995 Y217.721 F300
G1 X115.958 Y217.781 F300
G1 X115.914 Y217.836 F300
G1 X115.863 Y217.885 F300
G1 X115.806 Y217.929 F300
G1 X115.744 Y217.967 F300
G1 X115.677 Y218 F300
G1 X115.605 Y218.026 F300
G1 X115.529 Y218.048 F300
G1 X115.449 Y218.063 F300
G1 X115.366 Y218.072 F300
G1 X115.28 Y218.075 F300
G1 X115.182 Y218.071 F300
G1 X115.083 Y218.06 F300
G1 X114.984 Y218.041 F300
G1 X114.884 Y218.016 F300
G1 X114.785 Y217.984 F300
G1 X114.687 Y217.946 F300
G1 X114.591 Y217.902 F300
G1 X114.498 Y217.853 F300
G1 X114.408 Y217.798 F300
G1 X114.321 Y217.739 F300
G1 X114.239 Y217.674 F300
G1 X114.161 Y217.606 F300
G1 X114.089 Y217.534 F300
G1 X114.024 Y217.458 F300
G1 X113.965 Y217.379 F300
G1 X113.913 Y217.297 F300
G1 X113.87 Y217.213 F300
G1 X113.835 Y217.126 F300
G1 X113.809 Y217.038 F300
G1 X113.793 Y216.947 F300
G1 X113.788 Y216.856 F300;svg > path
G0 X108.442 Y215.106
G1 X108.445 Y215.049 F300
G1 X108.453 Y214.992 F300
G1 X108.466 Y214.935 F300
G1 X108.485 Y214.879 F300
G1 X108.51 Y214.824 F300
G1 X108.541 Y214.772 F300
G1 X108.578 Y214.721 F300
G1 X108.622 Y214.674 F300
G1 X108.672 Y214.63 F300
G1 X108.729 Y214.591 F300
G1 X108.794 Y214.555 F300
G1 X108.865 Y214.526 F300
G1 X108.944 Y214.501 F300
G1 X109.03 Y214.483 F300
G1 X109.125 Y214.472 F300
G1 X109.227 Y214.468 F300
G1 X109.337 Y214.473 F300
G1 X109.446 Y214.486 F300
G1 X109.555 Y214.507 F300
G1 X109.662 Y214.535 F300
G1 X109.768 Y214.571 F300
G1 X109.871 Y214.614 F300
G1 X109.971 Y214.662 F300
G1 X110.067 Y214.717 F300
G1 X110.159 Y214.778 F300
G1 X110.247 Y214.843 F300
G1 X110.328 Y214.913 F300
G1 X110.404 Y214.987 F300
G1 X110.473 Y215.065 F300
G1 X110.535 Y215.147 F300
G1 X110.589 Y215.231 F300
G1 X110.634 Y215.317 F300
G1 X110.671 Y215.406 F300
G1 X110.697 Y215.497 F300
G1 X110.714 Y215.588 F300
G1 X110.719 Y215.68 F300
G1 X110.715 Y215.761 F300
G1 X110.701 Y215.836 F300
G1 X110.68 Y215.906 F300
G1 X110.65 Y215.971 F300
G1 X110.613 Y216.031 F300
G1 X110.568 Y216.086 F300
G1 X110.518 Y216.135 F300
G1 X110.461 Y216.179 F300
G1 X110.399 Y216.217 F300
G1 X110.331 Y216.25 F300
G1 X110.259 Y216.276 F300
G1 X110.183 Y216.297 F300
G1 X110.103 Y216.313 F300
G1 X110.02 Y216.322 F300
G1 X109.935 Y216.325 F300
G1 X109.837 Y216.321 F300
G1 X109.738 Y216.31 F300
G1 X109.638 Y216.291 F300
G1 X109.538 Y216.266 F300
G1 X109.439 Y216.234 F300
G1 X109.342 Y216.196 F300
G1 X109.246 Y216.152 F300
G1 X109.152 Y216.103 F300
G1 X109.062 Y216.048 F300
G1 X108.975 Y215.988 F300
G1 X108.893 Y215.924 F300
G1 X108.816 Y215.856 F300
G1 X108.744 Y215.784 F300
G1 X108.678 Y215.708 F300
G1 X108.619 Y215.629 F300
G1 X108.568 Y215.547 F300
G1 X108.524 Y215.463 F300
G1 X108.489 Y215.376 F300
G1 X108.464 Y215.288 F300
G1 X108.448 Y215.197 F300
G1 X108.442 Y215.106 F300;svg > path
G0 X182.939 Y214.231
G1 X182.941 Y214.174 F300
G1 X182.949 Y214.117 F300
G1 X182.962 Y214.06 F300
G1 X182.981 Y214.004 F300
G1 X183.006 Y213.949 F300
G1 X183.037 Y213.897 F300
G1 X183.074 Y213.846 F300
G1 X183.118 Y213.799 F300
G1 X183.168 Y213.755 F300
G1 X183.226 Y213.716 F300
G1 X183.29 Y213.68 F300
G1 X183.361 Y213.65 F300
G1 X183.44 Y213.626 F300
G1 X183.527 Y213.608 F300
G1 X183.621 Y213.597 F300
G1 X183.723 Y213.593 F300
G1 X183.833 Y213.598 F300
G1 X183.942 Y213.611 F300
G1 X184.051 Y213.632 F300
G1 X184.158 Y213.66 F300
G1 X184.264 Y213.696 F300
G1 X184.367 Y213.739 F300
G1 X184.467 Y213.787 F300
G1 X184.563 Y213.842 F300
G1 X184.655 Y213.903 F300
G1 X184.743 Y213.968 F300
G1 X184.824 Y214.038 F300
G1 X184.9 Y214.112 F300
G1 X184.969 Y214.19 F300
G1 X185.031 Y214.272 F300
G1 X185.085 Y214.356 F300
G1 X185.13 Y214.442 F300
G1 X185.167 Y214.531 F300
G1 X185.193 Y214.621 F300
G1 X185.21 Y214.713 F300
G1 X185.216 Y214.805 F300
G1 X185.211 Y214.885 F300
G1 X185.197 Y214.961 F300
G1 X185.176 Y215.031 F300
G1 X185.146 Y215.096 F300
G1 X185.109 Y215.156 F300
G1 X185.064 Y215.211 F300
G1 X185.014 Y215.26 F300
G1 X184.957 Y215.304 F300
G1 X184.895 Y215.342 F300
G1 X184.827 Y215.375 F300
G1 X184.755 Y215.401 F300
G1 X184.679 Y215.422 F300
G1 X184.6 Y215.438 F300
G1 X184.517 Y215.447 F300
G1 X184.431 Y215.45 F300
G1 X184.333 Y215.446 F300
G1 X184.234 Y215.435 F300
G1 X184.134 Y215.416 F300
G1 X184.035 Y215.391 F300
G1 X183.936 Y215.359 F300
G1 X183.838 Y215.321 F300
G1 X183.742 Y215.277 F300
G1 X183.649 Y215.228 F300
G1 X183.558 Y215.173 F300
G1 X183.472 Y215.113 F300
G1 X183.389 Y215.049 F300
G1 X183.312 Y214.981 F300
G1 X183.24 Y214.909 F300
G1 X183.175 Y214.833 F300
G1 X183.116 Y214.754 F300
G1 X183.064 Y214.672 F300
G1 X183.021 Y214.588 F300
G1 X182.986 Y214.501 F300
G1 X182.96 Y214.413 F300
G1 X182.944 Y214.322 F300
G1 X182.939 Y214.231 F300;svg > path
G0 X182.939 Y215.981
G1 X182.941 Y215.924 F300
G1 X182.949 Y215.867 F300
G1 X182.962 Y215.81 F300
G1 X182.981 Y215.754 F300
G1 X183.006 Y215.699 F300
G1 X183.037 Y215.647 F300
G1 X183.074 Y215.596 F300
G1 X183.118 Y215.549 F300
G1 X183.168 Y215.505 F300
G1 X183.226 Y215.465 F300
G1 X183.29 Y215.43 F300
G1 X183.361 Y215.4 F300
G1 X183.44 Y215.376 F300
G1 X183.527 Y215.358 F300
G1 X183.621 Y215.347 F300
G1 X183.723 Y215.343 F300
G1 X183.833 Y215.348 F300
G1 X183.942 Y215.36 F300
G1 X184.051 Y215.381 F300
G1 X184.158 Y215.41 F300
G1 X184.264 Y215.446 F300
G1 X184.367 Y215.488 F300
G1 X184.467 Y215.537 F300
G1 X184.563 Y215.592 F300
G1 X184.655 Y215.653 F300
G1 X184.743 Y215.718 F300
G1 X184.824 Y215.788 F300
G1 X184.9 Y215.862 F300
G1 X184.969 Y215.94 F300
G1 X185.031 Y216.022 F300
G1 X185.085 Y216.106 F300
G1 X185.13 Y216.192 F300
G1 X185.167 Y216.281 F300
G1 X185.193 Y216.372 F300
G1 X185.21 Y216.463 F300
G1 X185.216 Y216.555 F300
G1 X185.211 Y216.636 F300
G1 X185.197 Y216.711 F300
G1 X185.176 Y216.781 F300
G1 X185.146 Y216.846 F300
G1 X185.109 Y216.906 F300
G1 X185.064 Y216.961 F300
G1 X185.014 Y217.01 F300
G1 X184.957 Y217.054 F300
G1 X184.895 Y217.092 F300
G1 X184.827 Y217.125 F300
G1 X184.755 Y217.151 F300
G1 X184.679 Y217.172 F300
G1 X184.6 Y217.188 F300
G1 X184.517 Y217.197 F300
G1 X184.431 Y217.2 F300
G1 X184.333 Y217.196 F300
G1 X184.234 Y217.185 F300
G1 X184.134 Y217.166 F300
G1 X184.035 Y217.141 F300
G1 X183.936 Y217.109 F300
G1 X183.838 Y217.071 F300
G1 X183.742 Y217.027 F300
G1 X183.649 Y216.978 F300
G1 X183.558 Y216.923 F300
G1 X183.472 Y216.863 F300
G1 X183.389 Y216.799 F300
G1 X183.312 Y216.731 F300
G1 X183.24 Y216.659 F300
G1 X183.175 Y216.583 F300
G1 X183.116 Y216.504 F300
G1 X183.064 Y216.422 F300
G1 X183.021 Y216.338 F300
G1 X182.986 Y216.251 F300
G1 X182.96 Y216.163 F300
G1 X182.944 Y216.072 F300
G1 X182.939 Y215.981 F300;svg > path
G0 X182.939 Y217.731
G1 X182.941 Y217.674 F300
G1 X182.949 Y217.617 F300
G1 X182.962 Y217.56 F300
G1 X182.981 Y217.504 F300
G1 X183.006 Y217.449 F300
G1 X183.037 Y217.397 F300
G1 X183.074 Y217.346 F300
G1 X183.118 Y217.299 F300
G1 X183.168 Y217.255 F300
G1 X183.226 Y217.215 F300
G1 X183.29 Y217.18 F300
G1 X183.361 Y217.15 F300
G1 X183.44 Y217.126 F300
G1 X183.527 Y217.108 F300
G1 X183.621 Y217.097 F300
G1 X183.723 Y217.093 F300
G1 X183.833 Y217.098 F300
G1 X183.942 Y217.11 F300
G1 X184.051 Y217.131 F300
G1 X184.158 Y217.16 F300
G1 X184.264 Y217.196 F300
G1 X184.367 Y217.238 F300
G1 X184.467 Y217.287 F300
G1 X184.563 Y217.342 F300
G1 X184.655 Y217.403 F300
G1 X184.743 Y217.468 F300
G1 X184.824 Y217.538 F300
G1 X184.9 Y217.612 F300
G1 X184.969 Y217.69 F300
G1 X185.031 Y217.772 F300
G1 X185.085 Y217.856 F300
G1 X185.13 Y217.942 F300
G1 X185.167 Y218.031 F300
G1 X185.193 Y218.121 F300
G1 X185.21 Y218.213 F300
G1 X185.216 Y218.305 F300
G1 X185.211 Y218.385 F300
G1 X185.197 Y218.461 F300
G1 X185.176 Y218.531 F300
G1 X185.146 Y218.596 F300
G1 X185.109 Y218.656 F300
G1 X185.064 Y218.711 F300
G1 X185.014 Y218.76 F300
G1 X184.957 Y218.804 F300
G1 X184.895 Y218.842 F300
G1 X184.827 Y218.875 F300
G1 X184.755 Y218.901 F300
G1 X184.679 Y218.923 F300
G1 X184.6 Y218.938 F300
G1 X184.517 Y218.947 F300
G1 X184.431 Y218.95 F300
G1 X184.333 Y218.946 F300
G1 X184.234 Y218.935 F300
G1 X184.134 Y218.916 F300
G1 X184.035 Y218.891 F300
G1 X183.936 Y218.859 F300
G1 X183.838 Y218.821 F300
G1 X183.742 Y218.777 F300
G1 X183.649 Y218.728 F300
G1 X183.558 Y218.673 F300
G1 X183.472 Y218.613 F300
G1 X183.389 Y218.549 F300
G1 X183.312 Y218.481 F300
G1 X183.24 Y218.409 F300
G1 X183.175 Y218.333 F300
G1 X183.116 Y218.254 F300
G1 X183.064 Y218.172 F300
G1 X183.021 Y218.088 F300
G1 X182.986 Y218.001 F300
G1 X182.96 Y217.913 F300
G1 X182.944 Y217.822 F300
G1 X182.939 Y217.731 F300;svg > path
G0 X66.244 Y215.106
G1 X66.247 Y215.049 F300
G1 X66.255 Y214.992 F300
G1 X66.268 Y214.935 F300
G1 X66.287 Y214.879 F300
G1 X66.312 Y214.824 F300
G1 X66.343 Y214.772 F300
G1 X66.38 Y214.721 F300
G1 X66.424 Y214.674 F300
G1 X66.474 Y214.63 F300
G1 X66.531 Y214.591 F300
G1 X66.596 Y214.555 F300
G1 X66.667 Y214.526 F300
G1 X66.746 Y214.501 F300
G1 X66.832 Y214.483 F300
G1 X66.927 Y214.472 F300
G1 X67.029 Y214.468 F300
G1 X67.139 Y214.473 F300
G1 X67.248 Y214.486 F300
G1 X67.357 Y214.507 F300
G1 X67.464 Y214.535 F300
G1 X67.57 Y214.571 F300
G1 X67.673 Y214.614 F300
G1 X67.773 Y214.662 F300
G1 X67.869 Y214.717 F300
G1 X67.961 Y214.778 F300
G1 X68.049 Y214.843 F300
G1 X68.13 Y214.913 F300
G1 X68.206 Y214.987 F300
G1 X68.275 Y215.065 F300
G1 X68.337 Y215.147 F300
G1 X68.391 Y215.231 F300
G1 X68.436 Y215.317 F300
G1 X68.473 Y215.406 F300
G1 X68.499 Y215.497 F300
G1 X68.516 Y215.588 F300
G1 X68.521 Y215.68 F300
G1 X68.517 Y215.761 F300
G1 X68.503 Y215.836 F300
G1 X68.481 Y215.906 F300
G1 X68.452 Y215.971 F300
G1 X68.414 Y216.031 F300
G1 X68.37 Y216.086 F300
G1 X68.32 Y216.135 F300
G1 X68.263 Y216.179 F300
G1 X68.201 Y216.217 F300
G1 X68.133 Y216.25 F300
G1 X68.061 Y216.276 F300
G1 X67.985 Y216.297 F300
G1 X67.905 Y216.313 F300
G1 X67.822 Y216.322 F300
G1 X67.737 Y216.325 F300
G1 X67.639 Y216.321 F300
G1 X67.54 Y216.31 F300
G1 X67.44 Y216.291 F300
G1 X67.34 Y216.266 F300
G1 X67.241 Y216.234 F300
G1 X67.144 Y216.196 F300
G1 X67.048 Y216.152 F300
G1 X66.954 Y216.103 F300
G1 X66.864 Y216.048 F300
G1 X66.778 Y215.988 F300
G1 X66.695 Y215.924 F300
G1 X66.618 Y215.856 F300
G1 X66.546 Y215.784 F300
G1 X66.48 Y215.708 F300
G1 X66.421 Y215.629 F300
G1 X66.37 Y215.547 F300
G1 X66.326 Y215.463 F300
G1 X66.291 Y215.376 F300
G1 X66.266 Y215.288 F300
G1 X66.25 Y215.197 F300
G1 X66.244 Y215.106 F300;svg > path
G0 X108.442 Y216.856
G1 X108.445 Y216.799 F300
G1 X108.453 Y216.742 F300
G1 X108.466 Y216.685 F300
G1 X108.485 Y216.629 F300
G1 X108.51 Y216.574 F300
G1 X108.541 Y216.522 F300
G1 X108.578 Y216.471 F300
G1 X108.622 Y216.424 F300
G1 X108.672 Y216.38 F300
G1 X108.729 Y216.34 F300
G1 X108.794 Y216.305 F300
G1 X108.865 Y216.275 F300
G1 X108.944 Y216.251 F300
G1 X109.03 Y216.233 F300
G1 X109.125 Y216.222 F300
G1 X109.227 Y216.218 F300
G1 X109.337 Y216.223 F300
G1 X109.446 Y216.235 F300
G1 X109.555 Y216.256 F300
G1 X109.662 Y216.285 F300
G1 X109.768 Y216.321 F300
G1 X109.871 Y216.363 F300
G1 X109.971 Y216.412 F300
G1 X110.067 Y216.467 F300
G1 X110.159 Y216.528 F300
G1 X110.247 Y216.593 F300
G1 X110.328 Y216.663 F300
G1 X110.404 Y216.737 F300
G1 X110.473 Y216.815 F300
G1 X110.535 Y216.897 F300
G1 X110.589 Y216.981 F300
G1 X110.634 Y217.068 F300
G1 X110.671 Y217.156 F300
G1 X110.697 Y217.247 F300
G1 X110.714 Y217.338 F300
G1 X110.719 Y217.43 F300
G1 X110.715 Y217.511 F300
G1 X110.701 Y217.586 F300
G1 X110.68 Y217.656 F300
G1 X110.65 Y217.721 F300
G1 X110.613 Y217.781 F300
G1 X110.568 Y217.836 F300
G1 X110.518 Y217.885 F300
G1 X110.461 Y217.929 F300
G1 X110.399 Y217.967 F300
G1 X110.331 Y218 F300
G1 X110.259 Y218.026 F300
G1 X110.183 Y218.048 F300
G1 X110.103 Y218.063 F300
G1 X110.02 Y218.072 F300
G1 X109.935 Y218.075 F300
G1 X109.837 Y218.071 F300
G1 X109.738 Y218.06 F300
G1 X109.638 Y218.041 F300
G1 X109.538 Y218.016 F300
G1 X109.439 Y217.984 F300
G1 X109.342 Y217.946 F300
G1 X109.246 Y217.902 F300
G1 X109.152 Y217.853 F300
G1 X109.062 Y217.798 F300
G1 X108.975 Y217.739 F300
G1 X108.893 Y217.674 F300
G1 X108.816 Y217.606 F300
G1 X108.744 Y217.534 F300
G1 X108.678 Y217.458 F300
G1 X108.619 Y217.379 F300
G1 X108.568 Y217.297 F300
G1 X108.524 Y217.213 F300
G1 X108.489 Y217.126 F300
G1 X108.464 Y217.038 F300
G1 X108.448 Y216.947 F300
G1 X108.442 Y216.856 F300;svg > path
G0 X193.629 Y217.731
G1 X193.632 Y217.674 F300
G1 X193.64 Y217.617 F300
G1 X193.653 Y217.56 F300
G1 X193.672 Y217.504 F300
G1 X193.697 Y217.449 F300
G1 X193.728 Y217.397 F300
G1 X193.765 Y217.346 F300
G1 X193.809 Y217.299 F300
G1 X193.859 Y217.255 F300
G1 X193.917 Y217.215 F300
G1 X193.981 Y217.18 F300
G1 X194.052 Y217.15 F300
G1 X194.131 Y217.126 F300
G1 X194.218 Y217.108 F300
G1 X194.312 Y217.097 F300
G1 X194.414 Y217.093 F300
G1 X194.524 Y217.098 F300
G1 X194.633 Y217.11 F300
G1 X194.742 Y217.131 F300
G1 X194.849 Y217.16 F300
G1 X194.955 Y217.196 F300
G1 X195.058 Y217.238 F300
G1 X195.158 Y217.287 F300
G1 X195.254 Y217.342 F300
G1 X195.346 Y217.403 F300
G1 X195.434 Y217.468 F300
G1 X195.515 Y217.538 F300
G1 X195.591 Y217.612 F300
G1 X195.66 Y217.69 F300
G1 X195.722 Y217.772 F300
G1 X195.776 Y217.856 F300
G1 X195.821 Y217.942 F300
G1 X195.858 Y218.031 F300
G1 X195.884 Y218.121 F300
G1 X195.901 Y218.213 F300
G1 X195.907 Y218.305 F300
G1 X195.902 Y218.385 F300
G1 X195.889 Y218.461 F300
G1 X195.867 Y218.531 F300
G1 X195.837 Y218.596 F300
G1 X195.8 Y218.656 F300
G1 X195.755 Y218.711 F300
G1 X195.705 Y218.76 F300
G1 X195.648 Y218.804 F300
G1 X195.586 Y218.842 F300
G1 X195.518 Y218.875 F300
G1 X195.446 Y218.901 F300
G1 X195.37 Y218.923 F300
G1 X195.291 Y218.938 F300
G1 X195.208 Y218.947 F300
G1 X195.122 Y218.95 F300
G1 X195.024 Y218.946 F300
G1 X194.925 Y218.935 F300
G1 X194.825 Y218.916 F300
G1 X194.726 Y218.891 F300
G1 X194.627 Y218.859 F300
G1 X194.529 Y218.821 F300
G1 X194.433 Y218.777 F300
G1 X194.34 Y218.728 F300
G1 X194.249 Y218.673 F300
G1 X194.163 Y218.613 F300
G1 X194.08 Y218.549 F300
G1 X194.003 Y218.481 F300
G1 X193.931 Y218.409 F300
G1 X193.865 Y218.333 F300
G1 X193.806 Y218.254 F300
G1 X193.755 Y218.172 F300
G1 X193.711 Y218.088 F300
G1 X193.676 Y218.001 F300
G1 X193.651 Y217.913 F300
G1 X193.635 Y217.822 F300
G1 X193.629 Y217.731 F300;svg > path
G0 X108.442 Y218.606
G1 X108.445 Y218.549 F300
G1 X108.453 Y218.492 F300
G1 X108.466 Y218.435 F300
G1 X108.485 Y218.379 F300
G1 X108.51 Y218.324 F300
G1 X108.541 Y218.272 F300
G1 X108.578 Y218.221 F300
G1 X108.622 Y218.174 F300
G1 X108.672 Y218.13 F300
G1 X108.729 Y218.09 F300
G1 X108.794 Y218.055 F300
G1 X108.865 Y218.025 F300
G1 X108.944 Y218.001 F300
G1 X109.03 Y217.983 F300
G1 X109.125 Y217.972 F300
G1 X109.227 Y217.968 F300
G1 X109.337 Y217.973 F300
G1 X109.446 Y217.985 F300
G1 X109.555 Y218.006 F300
G1 X109.662 Y218.035 F300
G1 X109.768 Y218.071 F300
G1 X109.871 Y218.113 F300
G1 X109.971 Y218.162 F300
G1 X110.067 Y218.217 F300
G1 X110.159 Y218.278 F300
G1 X110.247 Y218.343 F300
G1 X110.328 Y218.413 F300
G1 X110.404 Y218.487 F300
G1 X110.473 Y218.565 F300
G1 X110.535 Y218.646 F300
G1 X110.589 Y218.731 F300
G1 X110.634 Y218.817 F300
G1 X110.671 Y218.906 F300
G1 X110.697 Y218.996 F300
G1 X110.714 Y219.088 F300
G1 X110.719 Y219.18 F300
G1 X110.715 Y219.26 F300
G1 X110.701 Y219.336 F300
G1 X110.68 Y219.406 F300
G1 X110.65 Y219.471 F300
G1 X110.613 Y219.531 F300
G1 X110.568 Y219.586 F300
G1 X110.518 Y219.635 F300
G1 X110.461 Y219.679 F300
G1 X110.399 Y219.717 F300
G1 X110.331 Y219.749 F300
G1 X110.259 Y219.776 F300
G1 X110.183 Y219.797 F300
G1 X110.103 Y219.813 F300
G1 X110.02 Y219.822 F300
G1 X109.935 Y219.825 F300
G1 X109.837 Y219.821 F300
G1 X109.738 Y219.81 F300
G1 X109.638 Y219.791 F300
G1 X109.538 Y219.766 F300
G1 X109.439 Y219.734 F300
G1 X109.342 Y219.696 F300
G1 X109.246 Y219.652 F300
G1 X109.152 Y219.603 F300
G1 X109.062 Y219.548 F300
G1 X108.975 Y219.488 F300
G1 X108.893 Y219.424 F300
G1 X108.816 Y219.356 F300
G1 X108.744 Y219.284 F300
G1 X108.678 Y219.208 F300
G1 X108.619 Y219.129 F300
G1 X108.568 Y219.047 F300
G1 X108.524 Y218.963 F300
G1 X108.489 Y218.876 F300
G1 X108.464 Y218.788 F300
G1 X108.448 Y218.697 F300
G1 X108.442 Y218.606 F300;svg > path
G0 X193.629 Y215.981
G1 X193.632 Y215.924 F300
G1 X193.64 Y215.867 F300
G1 X193.653 Y215.81 F300
G1 X193.672 Y215.754 F300
G1 X193.697 Y215.699 F300
G1 X193.728 Y215.647 F300
G1 X193.765 Y215.596 F300
G1 X193.809 Y215.549 F300
G1 X193.859 Y215.505 F300
G1 X193.917 Y215.465 F300
G1 X193.981 Y215.43 F300
G1 X194.052 Y215.4 F300
G1 X194.131 Y215.376 F300
G1 X194.218 Y215.358 F300
G1 X194.312 Y215.347 F300
G1 X194.414 Y215.343 F300
G1 X194.524 Y215.348 F300
G1 X194.633 Y215.36 F300
G1 X194.742 Y215.381 F300
G1 X194.849 Y215.41 F300
G1 X194.955 Y215.446 F300
G1 X195.058 Y215.488 F300
G1 X195.158 Y215.537 F300
G1 X195.254 Y215.592 F300
G1 X195.346 Y215.653 F300
G1 X195.434 Y215.718 F300
G1 X195.515 Y215.788 F300
G1 X195.591 Y215.862 F300
G1 X195.66 Y215.94 F300
G1 X195.722 Y216.022 F300
G1 X195.776 Y216.106 F300
G1 X195.821 Y216.192 F300
G1 X195.858 Y216.281 F300
G1 X195.884 Y216.372 F300
G1 X195.901 Y216.463 F300
G1 X195.907 Y216.555 F300
G1 X195.902 Y216.636 F300
G1 X195.889 Y216.711 F300
G1 X195.867 Y216.781 F300
G1 X195.837 Y216.846 F300
G1 X195.8 Y216.906 F300
G1 X195.755 Y216.961 F300
G1 X195.705 Y217.01 F300
G1 X195.648 Y217.054 F300
G1 X195.586 Y217.092 F300
G1 X195.518 Y217.125 F300
G1 X195.446 Y217.151 F300
G1 X195.37 Y217.172 F300
G1 X195.291 Y217.188 F300
G1 X195.208 Y217.197 F300
G1 X195.122 Y217.2 F300
G1 X195.024 Y217.196 F300
G1 X194.925 Y217.185 F300
G1 X194.825 Y217.166 F300
G1 X194.726 Y217.141 F300
G1 X194.627 Y217.109 F300
G1 X194.529 Y217.071 F300
G1 X194.433 Y217.027 F300
G1 X194.34 Y216.978 F300
G1 X194.249 Y216.923 F300
G1 X194.163 Y216.863 F300
G1 X194.08 Y216.799 F300
G1 X194.003 Y216.731 F300
G1 X193.931 Y216.659 F300
G1 X193.865 Y216.583 F300
G1 X193.806 Y216.504 F300
G1 X193.755 Y216.422 F300
G1 X193.711 Y216.338 F300
G1 X193.676 Y216.251 F300
G1 X193.651 Y216.163 F300
G1 X193.635 Y216.072 F300
G1 X193.629 Y215.981 F300;svg > path
G0 X188.284 Y214.231
G1 X188.287 Y214.174 F300
G1 X188.295 Y214.117 F300
G1 X188.308 Y214.06 F300
G1 X188.327 Y214.004 F300
G1 X188.352 Y213.949 F300
G1 X188.383 Y213.897 F300
G1 X188.42 Y213.846 F300
G1 X188.464 Y213.799 F300
G1 X188.514 Y213.755 F300
G1 X188.571 Y213.716 F300
G1 X188.635 Y213.68 F300
G1 X188.707 Y213.65 F300
G1 X188.786 Y213.626 F300
G1 X188.872 Y213.608 F300
G1 X188.966 Y213.597 F300
G1 X189.069 Y213.593 F300
G1 X189.178 Y213.598 F300
G1 X189.288 Y213.611 F300
G1 X189.396 Y213.632 F300
G1 X189.504 Y213.66 F300
G1 X189.609 Y213.696 F300
G1 X189.712 Y213.739 F300
G1 X189.813 Y213.787 F300
G1 X189.909 Y213.842 F300
G1 X190.001 Y213.903 F300
G1 X190.088 Y213.968 F300
G1 X190.17 Y214.038 F300
G1 X190.246 Y214.112 F300
G1 X190.315 Y214.19 F300
G1 X190.377 Y214.272 F300
G1 X190.43 Y214.356 F300
G1 X190.476 Y214.442 F300
G1 X190.512 Y214.531 F300
G1 X190.539 Y214.621 F300
G1 X190.556 Y214.713 F300
G1 X190.561 Y214.805 F300
G1 X190.557 Y214.885 F300
G1 X190.543 Y214.961 F300
G1 X190.521 Y215.031 F300
G1 X190.491 Y215.096 F300
G1 X190.454 Y215.156 F300
G1 X190.41 Y215.211 F300
G1 X190.359 Y215.26 F300
G1 X190.303 Y215.304 F300
G1 X190.24 Y215.342 F300
G1 X190.173 Y215.375 F300
G1 X190.101 Y215.401 F300
G1 X190.025 Y215.422 F300
G1 X189.945 Y215.438 F300
G1 X189.862 Y215.447 F300
G1 X189.776 Y215.45 F300
G1 X189.678 Y215.446 F300
G1 X189.579 Y215.435 F300
G1 X189.48 Y215.416 F300
G1 X189.38 Y215.391 F300
G1 X189.281 Y215.359 F300
G1 X189.183 Y215.321 F300
G1 X189.087 Y215.277 F300
G1 X188.994 Y215.228 F300
G1 X188.904 Y215.173 F300
G1 X188.817 Y215.113 F300
G1 X188.735 Y215.049 F300
G1 X188.657 Y214.981 F300
G1 X188.586 Y214.909 F300
G1 X188.52 Y214.833 F300
G1 X188.461 Y214.754 F300
G1 X188.41 Y214.672 F300
G1 X188.366 Y214.588 F300
G1 X188.331 Y214.501 F300
G1 X188.305 Y214.413 F300
G1 X188.289 Y214.322 F300
G1 X188.284 Y214.231 F300;svg > path
G0 X188.284 Y215.981
G1 X188.287 Y215.924 F300
G1 X188.295 Y215.867 F300
G1 X188.308 Y215.81 F300
G1 X188.327 Y215.754 F300
G1 X188.352 Y215.699 F300
G1 X188.383 Y215.647 F300
G1 X188.42 Y215.596 F300
G1 X188.464 Y215.549 F300
G1 X188.514 Y215.505 F300
G1 X188.571 Y215.465 F300
G1 X188.635 Y215.43 F300
G1 X188.707 Y215.4 F300
G1 X188.786 Y215.376 F300
G1 X188.872 Y215.358 F300
G1 X188.966 Y215.347 F300
G1 X189.069 Y215.343 F300
G1 X189.178 Y215.348 F300
G1 X189.288 Y215.36 F300
G1 X189.396 Y215.381 F300
G1 X189.504 Y215.41 F300
G1 X189.609 Y215.446 F300
G1 X189.712 Y215.488 F300
G1 X189.813 Y215.537 F300
G1 X189.909 Y215.592 F300
G1 X190.001 Y215.653 F300
G1 X190.088 Y215.718 F300
G1 X190.17 Y215.788 F300
G1 X190.246 Y215.862 F300
G1 X190.315 Y215.94 F300
G1 X190.377 Y216.022 F300
G1 X190.43 Y216.106 F300
G1 X190.476 Y216.192 F300
G1 X190.512 Y216.281 F300
G1 X190.539 Y216.372 F300
G1 X190.556 Y216.463 F300
G1 X190.561 Y216.555 F300
G1 X190.557 Y216.636 F300
G1 X190.543 Y216.711 F300
G1 X190.521 Y216.781 F300
G1 X190.491 Y216.846 F300
G1 X190.454 Y216.906 F300
G1 X190.41 Y216.961 F300
G1 X190.359 Y217.01 F300
G1 X190.303 Y217.054 F300
G1 X190.24 Y217.092 F300
G1 X190.173 Y217.125 F300
G1 X190.101 Y217.151 F300
G1 X190.025 Y217.172 F300
G1 X189.945 Y217.188 F300
G1 X189.862 Y217.197 F300
G1 X189.776 Y217.2 F300
G1 X189.678 Y217.196 F300
G1 X189.579 Y217.185 F300
G1 X189.48 Y217.166 F300
G1 X189.38 Y217.141 F300
G1 X189.281 Y217.109 F300
G1 X189.183 Y217.071 F300
G1 X189.087 Y217.027 F300
G1 X188.994 Y216.978 F300
G1 X188.904 Y216.923 F300
G1 X188.817 Y216.863 F300
G1 X188.735 Y216.799 F300
G1 X188.657 Y216.731 F300
G1 X188.586 Y216.659 F300
G1 X188.52 Y216.583 F300
G1 X188.461 Y216.504 F300
G1 X188.41 Y216.422 F300
G1 X188.366 Y216.338 F300
G1 X188.331 Y216.251 F300
G1 X188.305 Y216.163 F300
G1 X188.289 Y216.072 F300
G1 X188.284 Y215.981 F300;svg > path
G0 X188.284 Y217.731
G1 X188.287 Y217.674 F300
G1 X188.295 Y217.617 F300
G1 X188.308 Y217.56 F300
G1 X188.327 Y217.504 F300
G1 X188.352 Y217.449 F300
G1 X188.383 Y217.397 F300
G1 X188.42 Y217.346 F300
G1 X188.464 Y217.299 F300
G1 X188.514 Y217.255 F300
G1 X188.571 Y217.215 F300
G1 X188.635 Y217.18 F300
G1 X188.707 Y217.15 F300
G1 X188.786 Y217.126 F300
G1 X188.872 Y217.108 F300
G1 X188.966 Y217.097 F300
G1 X189.069 Y217.093 F300
G1 X189.178 Y217.098 F300
G1 X189.288 Y217.11 F300
G1 X189.396 Y217.131 F300
G1 X189.504 Y217.16 F300
G1 X189.609 Y217.196 F300
G1 X189.712 Y217.238 F300
G1 X189.813 Y217.287 F300
G1 X189.909 Y217.342 F300
G1 X190.001 Y217.403 F300
G1 X190.088 Y217.468 F300
G1 X190.17 Y217.538 F300
G1 X190.246 Y217.612 F300
G1 X190.315 Y217.69 F300
G1 X190.377 Y217.772 F300
G1 X190.43 Y217.856 F300
G1 X190.476 Y217.942 F300
G1 X190.512 Y218.031 F300
G1 X190.539 Y218.121 F300
G1 X190.556 Y218.213 F300
G1 X190.561 Y218.305 F300
G1 X190.557 Y218.385 F300
G1 X190.543 Y218.461 F300
G1 X190.521 Y218.531 F300
G1 X190.491 Y218.596 F300
G1 X190.454 Y218.656 F300
G1 X190.41 Y218.711 F300
G1 X190.359 Y218.76 F300
G1 X190.303 Y218.804 F300
G1 X190.24 Y218.842 F300
G1 X190.173 Y218.875 F300
G1 X190.101 Y218.901 F300
G1 X190.025 Y218.923 F300
G1 X189.945 Y218.938 F300
G1 X189.862 Y218.947 F300
G1 X189.776 Y218.95 F300
G1 X189.678 Y218.946 F300
G1 X189.579 Y218.935 F300
G1 X189.48 Y218.916 F300
G1 X189.38 Y218.891 F300
G1 X189.281 Y218.859 F300
G1 X189.183 Y218.821 F300
G1 X189.087 Y218.777 F300
G1 X188.994 Y218.728 F300
G1 X188.904 Y218.673 F300
G1 X188.817 Y218.613 F300
G1 X188.735 Y218.549 F300
G1 X188.657 Y218.481 F300
G1 X188.586 Y218.409 F300
G1 X188.52 Y218.333 F300
G1 X188.461 Y218.254 F300
G1 X188.41 Y218.172 F300
G1 X188.366 Y218.088 F300
G1 X188.331 Y218.001 F300
G1 X188.305 Y217.913 F300
G1 X188.289 Y217.822 F300
G1 X188.284 Y217.731 F300;svg > path
G0 X137.672 Y214.231
G1 X137.675 Y214.174 F300
G1 X137.683 Y214.117 F300
G1 X137.696 Y214.06 F300
G1 X137.715 Y214.004 F300
G1 X137.74 Y213.949 F300
G1 X137.771 Y213.897 F300
G1 X137.808 Y213.846 F300
G1 X137.852 Y213.799 F300
G1 X137.902 Y213.755 F300
G1 X137.959 Y213.716 F300
G1 X138.024 Y213.68 F300
G1 X138.095 Y213.65 F300
G1 X138.174 Y213.626 F300
G1 X138.26 Y213.608 F300
G1 X138.355 Y213.597 F300
G1 X138.457 Y213.593 F300
G1 X138.567 Y213.598 F300
G1 X138.676 Y213.611 F300
G1 X138.785 Y213.632 F300
G1 X138.892 Y213.66 F300
G1 X138.998 Y213.696 F300
G1 X139.101 Y213.739 F300
G1 X139.201 Y213.787 F300
G1 X139.297 Y213.842 F300
G1 X139.389 Y213.903 F300
G1 X139.476 Y213.968 F300
G1 X139.558 Y214.038 F300
G1 X139.634 Y214.112 F300
G1 X139.703 Y214.19 F300
G1 X139.765 Y214.272 F300
G1 X139.819 Y214.356 F300
G1 X139.864 Y214.442 F300
G1 X139.9 Y214.531 F300
G1 X139.927 Y214.621 F300
G1 X139.944 Y214.713 F300
G1 X139.949 Y214.805 F300
G1 X139.945 Y214.885 F300
G1 X139.931 Y214.961 F300
G1 X139.909 Y215.031 F300
G1 X139.88 Y215.096 F300
G1 X139.842 Y215.156 F300
G1 X139.798 Y215.211 F300
G1 X139.748 Y215.26 F300
G1 X139.691 Y215.304 F300
G1 X139.629 Y215.342 F300
G1 X139.561 Y215.375 F300
G1 X139.489 Y215.401 F300
G1 X139.413 Y215.422 F300
G1 X139.333 Y215.438 F300
G1 X139.25 Y215.447 F300
G1 X139.165 Y215.45 F300
G1 X139.067 Y215.446 F300
G1 X138.968 Y215.435 F300
G1 X138.868 Y215.416 F300
G1 X138.768 Y215.391 F300
G1 X138.669 Y215.359 F300
G1 X138.572 Y215.321 F300
G1 X138.476 Y215.277 F300
G1 X138.382 Y215.228 F300
G1 X138.292 Y215.173 F300
G1 X138.205 Y215.113 F300
G1 X138.123 Y215.049 F300
G1 X138.046 Y214.981 F300
G1 X137.974 Y214.909 F300
G1 X137.908 Y214.833 F300
G1 X137.849 Y214.754 F300
G1 X137.798 Y214.672 F300
G1 X137.754 Y214.588 F300
G1 X137.719 Y214.501 F300
G1 X137.694 Y214.413 F300
G1 X137.678 Y214.322 F300
G1 X137.672 Y214.231 F300;svg > path
G0 X193.629 Y214.231
G1 X193.632 Y214.174 F300
G1 X193.64 Y214.117 F300
G1 X193.653 Y214.06 F300
G1 X193.672 Y214.004 F300
G1 X193.697 Y213.949 F300
G1 X193.728 Y213.897 F300
G1 X193.765 Y213.846 F300
G1 X193.809 Y213.799 F300
G1 X193.859 Y213.755 F300
G1 X193.917 Y213.716 F300
G1 X193.981 Y213.68 F300
G1 X194.052 Y213.65 F300
G1 X194.131 Y213.626 F300
G1 X194.218 Y213.608 F300
G1 X194.312 Y213.597 F300
G1 X194.414 Y213.593 F300
G1 X194.524 Y213.598 F300
G1 X194.633 Y213.611 F300
G1 X194.742 Y213.632 F300
G1 X194.849 Y213.66 F300
G1 X194.955 Y213.696 F300
G1 X195.058 Y213.739 F300
G1 X195.158 Y213.787 F300
G1 X195.254 Y213.842 F300
G1 X195.346 Y213.903 F300
G1 X195.434 Y213.968 F300
G1 X195.515 Y214.038 F300
G1 X195.591 Y214.112 F300
G1 X195.66 Y214.19 F300
G1 X195.722 Y214.272 F300
G1 X195.776 Y214.356 F300
G1 X195.821 Y214.442 F300
G1 X195.858 Y214.531 F300
G1 X195.884 Y214.621 F300
G1 X195.901 Y214.713 F300
G1 X195.907 Y214.805 F300
G1 X195.902 Y214.885 F300
G1 X195.889 Y214.961 F300
G1 X195.867 Y215.031 F300
G1 X195.837 Y215.096 F300
G1 X195.8 Y215.156 F300
G1 X195.755 Y215.211 F300
G1 X195.705 Y215.26 F300
G1 X195.648 Y215.304 F300
G1 X195.586 Y215.342 F300
G1 X195.518 Y215.375 F300
G1 X195.446 Y215.401 F300
G1 X195.37 Y215.422 F300
G1 X195.291 Y215.438 F300
G1 X195.208 Y215.447 F300
G1 X195.122 Y215.45 F300
G1 X195.024 Y215.446 F300
G1 X194.925 Y215.435 F300
G1 X194.825 Y215.416 F300
G1 X194.726 Y215.391 F300
G1 X194.627 Y215.359 F300
G1 X194.529 Y215.321 F300
G1 X194.433 Y215.277 F300
G1 X194.34 Y215.228 F300
G1 X194.249 Y215.173 F300
G1 X194.163 Y215.113 F300
G1 X194.08 Y215.049 F300
G1 X194.003 Y214.981 F300
G1 X193.931 Y214.909 F300
G1 X193.865 Y214.833 F300
G1 X193.806 Y214.754 F300
G1 X193.755 Y214.672 F300
G1 X193.711 Y214.588 F300
G1 X193.676 Y214.501 F300
G1 X193.651 Y214.413 F300
G1 X193.635 Y214.322 F300
G1 X193.629 Y214.231 F300;svg > path
G0 X60.277 Y215.106
G1 X60.279 Y215.049 F300
G1 X60.287 Y214.992 F300
G1 X60.301 Y214.935 F300
G1 X60.32 Y214.879 F300
G1 X60.344 Y214.824 F300
G1 X60.375 Y214.772 F300
G1 X60.413 Y214.721 F300
G1 X60.456 Y214.674 F300
G1 X60.507 Y214.63 F300
G1 X60.564 Y214.591 F300
G1 X60.628 Y214.555 F300
G1 X60.699 Y214.526 F300
G1 X60.778 Y214.501 F300
G1 X60.865 Y214.483 F300
G1 X60.959 Y214.472 F300
G1 X61.061 Y214.468 F300
G1 X61.171 Y214.473 F300
G1 X61.28 Y214.486 F300
G1 X61.389 Y214.507 F300
G1 X61.496 Y214.535 F300
G1 X61.602 Y214.571 F300
G1 X61.705 Y214.614 F300
G1 X61.805 Y214.662 F300
G1 X61.901 Y214.717 F300
G1 X61.993 Y214.778 F300
G1 X62.081 Y214.843 F300
G1 X62.162 Y214.913 F300
G1 X62.238 Y214.987 F300
G1 X62.307 Y215.065 F300
G1 X62.369 Y215.147 F300
G1 X62.423 Y215.231 F300
G1 X62.468 Y215.317 F300
G1 X62.505 Y215.406 F300
G1 X62.532 Y215.497 F300
G1 X62.548 Y215.588 F300
G1 X62.554 Y215.68 F300
G1 X62.549 Y215.761 F300
G1 X62.536 Y215.836 F300
G1 X62.514 Y215.906 F300
G1 X62.484 Y215.971 F300
G1 X62.447 Y216.031 F300
G1 X62.403 Y216.086 F300
G1 X62.352 Y216.135 F300
G1 X62.295 Y216.179 F300
G1 X62.233 Y216.217 F300
G1 X62.165 Y216.25 F300
G1 X62.093 Y216.276 F300
G1 X62.017 Y216.297 F300
G1 X61.938 Y216.313 F300
G1 X61.855 Y216.322 F300
G1 X61.769 Y216.325 F300
G1 X61.671 Y216.321 F300
G1 X61.572 Y216.31 F300
G1 X61.472 Y216.291 F300
G1 X61.373 Y216.266 F300
G1 X61.274 Y216.234 F300
G1 X61.176 Y216.196 F300
G1 X61.08 Y216.152 F300
G1 X60.987 Y216.103 F300
G1 X60.896 Y216.048 F300
G1 X60.81 Y215.988 F300
G1 X60.727 Y215.924 F300
G1 X60.65 Y215.856 F300
G1 X60.578 Y215.784 F300
G1 X60.513 Y215.708 F300
G1 X60.454 Y215.629 F300
G1 X60.402 Y215.547 F300
G1 X60.359 Y215.463 F300
G1 X60.324 Y215.376 F300
G1 X60.298 Y215.288 F300
G1 X60.282 Y215.197 F300
G1 X60.277 Y215.106 F300;svg > path
G0 X97.751 Y218.606
G1 X97.754 Y218.549 F300
G1 X97.762 Y218.492 F300
G1 X97.775 Y218.435 F300
G1 X97.794 Y218.379 F300
G1 X97.819 Y218.324 F300
G1 X97.85 Y218.272 F300
G1 X97.887 Y218.221 F300
G1 X97.931 Y218.174 F300
G1 X97.981 Y218.13 F300
G1 X98.038 Y218.09 F300
G1 X98.103 Y218.055 F300
G1 X98.174 Y218.025 F300
G1 X98.253 Y218.001 F300
G1 X98.339 Y217.983 F300
G1 X98.434 Y217.972 F300
G1 X98.536 Y217.968 F300
G1 X98.646 Y217.973 F300
G1 X98.755 Y217.985 F300
G1 X98.864 Y218.006 F300
G1 X98.971 Y218.035 F300
G1 X99.077 Y218.071 F300
G1 X99.18 Y218.113 F300
G1 X99.28 Y218.162 F300
G1 X99.376 Y218.217 F300
G1 X99.468 Y218.278 F300
G1 X99.555 Y218.343 F300
G1 X99.637 Y218.413 F300
G1 X99.713 Y218.487 F300
G1 X99.782 Y218.565 F300
G1 X99.844 Y218.646 F300
G1 X99.898 Y218.731 F300
G1 X99.943 Y218.817 F300
G1 X99.98 Y218.906 F300
G1 X100.006 Y218.996 F300
G1 X100.023 Y219.088 F300
G1 X100.028 Y219.18 F300
G1 X100.024 Y219.26 F300
G1 X100.01 Y219.336 F300
G1 X99.988 Y219.406 F300
G1 X99.959 Y219.471 F300
G1 X99.921 Y219.531 F300
G1 X99.877 Y219.586 F300
G1 X99.827 Y219.635 F300
G1 X99.77 Y219.679 F300
G1 X99.708 Y219.717 F300
G1 X99.64 Y219.749 F300
G1 X99.568 Y219.776 F300
G1 X99.492 Y219.797 F300
G1 X99.412 Y219.813 F300
G1 X99.329 Y219.822 F300
G1 X99.244 Y219.825 F300
G1 X99.146 Y219.821 F300
G1 X99.047 Y219.81 F300
G1 X98.947 Y219.791 F300
G1 X98.847 Y219.766 F300
G1 X98.748 Y219.734 F300
G1 X98.651 Y219.696 F300
G1 X98.555 Y219.652 F300
G1 X98.461 Y219.603 F300
G1 X98.371 Y219.548 F300
G1 X98.284 Y219.488 F300
G1 X98.202 Y219.424 F300
G1 X98.125 Y219.356 F300
G1 X98.053 Y219.284 F300
G1 X97.987 Y219.208 F300
G1 X97.928 Y219.129 F300
G1 X97.877 Y219.047 F300
G1 X97.833 Y218.963 F300
G1 X97.798 Y218.876 F300
G1 X97.773 Y218.788 F300
G1 X97.757 Y218.697 F300
G1 X97.751 Y218.606 F300;svg > path
G0 X28.32 Y227.957
G1 X28.182 Y227.933 F300
G1 X28.047 Y227.919 F300
G1 X27.914 Y227.915 F300
G1 X27.778 Y227.919 F300
G1 X27.645 Y227.932 F300
G1 X27.514 Y227.953 F300
G1 X27.386 Y227.982 F300
G1 X27.262 Y228.019 F300
G1 X27.141 Y228.064 F300
G1 X27.025 Y228.116 F300
G1 X26.913 Y228.176 F300
G1 X26.806 Y228.243 F300
G1 X26.705 Y228.317 F300
G1 X26.61 Y228.397 F300
G1 X26.52 Y228.484 F300
G1 X26.438 Y228.578 F300
G1 X26.362 Y228.677 F300
G1 X26.294 Y228.783 F300
G1 X26.233 Y228.894 F300
G1 X26.181 Y229.011 F300
G1 X26.138 Y229.134 F300
G1 X26.103 Y229.261 F300
G1 X26.078 Y229.394 F300
G1 X26.062 Y229.531 F300
G1 X26.057 Y229.673 F300
G1 X26.062 Y229.815 F300
G1 X26.079 Y229.955 F300
G1 X26.105 Y230.092 F300
G1 X26.14 Y230.228 F300
G1 X26.184 Y230.361 F300
G1 X26.236 Y230.492 F300
G1 X26.296 Y230.621 F300
G1 X26.362 Y230.747 F300
G1 X26.435 Y230.87 F300
G1 X26.514 Y230.99 F300
G1 X26.598 Y231.106 F300
G1 X26.686 Y231.22 F300
G1 X26.778 Y231.33 F300
G1 X26.874 Y231.436 F300
G1 X26.972 Y231.539 F300
G1 X27.072 Y231.638 F300
G1 X27.174 Y231.733 F300
G1 X27.276 Y231.824 F300
G1 X27.393 Y231.927 F300
G1 X27.505 Y232.029 F300
G1 X27.613 Y232.133 F300
G1 X27.643 Y231.947 F300
G1 X27.671 Y231.77 F300
G1 X27.698 Y231.601 F300
G1 X27.724 Y231.439 F300
G1 X27.749 Y231.285 F300
G1 X27.774 Y231.137 F300
G1 X27.663 Y231.099 F300
G1 X27.557 Y231.051 F300
G1 X27.456 Y230.995 F300
G1 X27.36 Y230.93 F300
G1 X27.27 Y230.858 F300
G1 X27.185 Y230.778 F300
G1 X27.106 Y230.693 F300
G1 X27.033 Y230.601 F300
G1 X26.966 Y230.504 F300
G1 X26.907 Y230.403 F300
G1 X26.854 Y230.298 F300
G1 X26.809 Y230.189 F300
G1 X26.771 Y230.078 F300
G1 X26.741 Y229.964 F300
G1 X26.719 Y229.849 F300
G1 X26.706 Y229.734 F300
G1 X26.702 Y229.617 F300
G1 X26.705 Y229.538 F300
G1 X26.714 Y229.457 F300
G1 X26.73 Y229.375 F300
G1 X26.751 Y229.291 F300
G1 X26.778 Y229.208 F300
G1 X26.81 Y229.125 F300
G1 X26.848 Y229.044 F300
G1 X26.891 Y228.965 F300
G1 X26.939 Y228.889 F300
G1 X26.991 Y228.816 F300
G1 X27.048 Y228.748 F300
G1 X27.11 Y228.685 F300
G1 X27.176 Y228.628 F300
G1 X27.245 Y228.578 F300
G1 X27.319 Y228.536 F300
G1 X27.396 Y228.501 F300
G1 X27.477 Y228.476 F300
G1 X27.56 Y228.46 F300
G1 X27.647 Y228.454 F300
G1 X27.672 Y228.456 F300
G1 X27.696 Y228.461 F300
G1 X27.718 Y228.47 F300
G1 X27.737 Y228.483 F300
G1 X27.753 Y228.5 F300
G1 X27.763 Y228.52 F300
G1 X27.767 Y228.545 F300
G1 X27.763 Y228.571 F300
G1 X27.751 Y228.594 F300
G1 X27.732 Y228.615 F300
G1 X27.708 Y228.635 F300
G1 X27.68 Y228.655 F300
G1 X27.648 Y228.677 F300
G1 X27.613 Y228.699 F300
G1 X27.541 Y228.746 F300
G1 X27.476 Y228.793 F300
G1 X27.416 Y228.843 F300
G1 X27.363 Y228.896 F300
G1 X27.317 Y228.951 F300
G1 X27.277 Y229.011 F300
G1 X27.244 Y229.075 F300
G1 X27.219 Y229.145 F300
G1 X27.2 Y229.221 F300
G1 X27.189 Y229.303 F300
G1 X27.185 Y229.393 F300
G1 X27.19 Y229.49 F300
G1 X27.207 Y229.584 F300
G1 X27.233 Y229.673 F300
G1 X27.268 Y229.759 F300
G1 X27.313 Y229.84 F300
G1 X27.365 Y229.915 F300
G1 X27.425 Y229.985 F300
G1 X27.493 Y230.049 F300
G1 X27.566 Y230.106 F300
G1 X27.646 Y230.157 F300
G1 X27.731 Y230.2 F300
G1 X27.82 Y230.235 F300
G1 X27.914 Y230.262 F300
G1 X28.32 Y227.957 F300
G0 X27.704 Y235.159
G1 X27.715 Y235.204 F300
G1 X27.73 Y235.256 F300
G1 X27.749 Y235.312 F300
G1 X27.771 Y235.372 F300
G1 X27.796 Y235.436 F300
G1 X27.824 Y235.502 F300
G1 X27.856 Y235.57 F300
G1 X27.89 Y235.638 F300
G1 X27.926 Y235.706 F300
G1 X27.965 Y235.772 F300
G1 X28.007 Y235.837 F300
G1 X28.05 Y235.898 F300
G1 X28.095 Y235.956 F300
G1 X28.143 Y236.008 F300
G1 X28.191 Y236.056 F300
G1 X28.241 Y236.096 F300
G1 X28.293 Y236.129 F300
G1 X28.345 Y236.154 F300
G1 X28.399 Y236.17 F300
G1 X28.453 Y236.175 F300
G1 X28.477 Y236.17 F300
G1 X28.501 Y236.154 F300
G1 X28.527 Y236.13 F300
G1 X28.553 Y236.096 F300
G1 X28.579 Y236.053 F300
G1 X28.605 Y236.002 F300
G1 X28.629 Y235.943 F300
G1 X28.652 Y235.877 F300
G1 X28.673 Y235.803 F300
G1 X28.691 Y235.723 F300
G1 X28.705 Y235.638 F300
G1 X28.717 Y235.546 F300
G1 X28.724 Y235.45 F300
G1 X28.726 Y235.348 F300
G1 X28.721 Y235.221 F300
G1 X28.705 Y235.098 F300
G1 X28.679 Y234.979 F300
G1 X28.645 Y234.863 F300
G1 X28.602 Y234.75 F300
G1 X28.551 Y234.64 F300
G1 X28.494 Y234.533 F300
G1 X28.43 Y234.429 F300
G1 X28.361 Y234.327 F300
G1 X28.288 Y234.229 F300
G1 X28.21 Y234.132 F300
G1 X28.129 Y234.038 F300
G1 X28.046 Y233.946 F300
G1 X27.961 Y233.856 F300
G1 X27.876 Y233.768 F300
G1 X27.789 Y233.681 F300
G1 X27.704 Y233.597 F300
G1 X27.679 Y233.764 F300
G1 X27.658 Y233.931 F300
G1 X27.642 Y234.1 F300
G1 X27.63 Y234.27 F300
G1 X27.627 Y234.445 F300
G1 X27.629 Y234.597 F300
G1 X27.637 Y234.745 F300
G1 X27.652 Y234.888 F300
G1 X27.674 Y235.026 F300
G1 X27.704 Y235.159 F300
G0 X29.315 Y229.253
G1 X29.312 Y229.153 F300
G1 X29.304 Y229.054 F300
G1 X29.29 Y228.955 F300
G1 X29.27 Y228.858 F300
G1 X29.244 Y228.763 F300
G1 X29.212 Y228.67 F300
G1 X29.173 Y228.58 F300
G1 X29.128 Y228.494 F300
G1 X29.076 Y228.412 F300
G1 X29.017 Y228.335 F300
G1 X28.951 Y228.263 F300
G1 X28.878 Y228.197 F300
G1 X28.798 Y228.138 F300
G1 X28.71 Y228.085 F300
G1 X28.614 Y228.041 F300
G1 X28.593 Y228.163 F300
G1 X28.571 Y228.287 F300
G1 X28.549 Y228.415 F300
G1 X28.527 Y228.543 F300
G1 X28.505 Y228.673 F300
G1 X28.482 Y228.803 F300
G1 X28.46 Y228.933 F300
G1 X28.438 Y229.061 F300
G1 X28.416 Y229.187 F300
G1 X28.395 Y229.311 F300
G1 X28.375 Y229.432 F300
G1 X28.355 Y229.548 F300
G1 X28.336 Y229.66 F300
G1 X28.318 Y229.767 F300
G1 X28.301 Y229.867 F300
G1 X28.285 Y229.961 F300
G1 X28.271 Y230.047 F300
G1 X28.258 Y230.125 F300
G1 X28.247 Y230.195 F300
G1 X28.237 Y230.254 F300
G1 X28.229 Y230.304 F300
G1 X28.345 Y230.299 F300
G1 X28.457 Y230.284 F300
G1 X28.563 Y230.26 F300
G1 X28.665 Y230.227 F300
G1 X28.76 Y230.186 F300
G1 X28.85 Y230.136 F300
G1 X28.933 Y230.078 F300
G1 X29.008 Y230.012 F300
G1 X29.077 Y229.939 F300
G1 X29.138 Y229.859 F300
G1 X29.19 Y229.773 F300
G1 X29.234 Y229.68 F300
G1 X29.269 Y229.581 F300
G1 X29.294 Y229.477 F300
G1 X29.31 Y229.367 F300
G1 X29.315 Y229.253 F300
G0 X26.232 Y225.806
G1 X26.235 Y225.739 F300
G1 X26.242 Y225.67 F300
G1 X26.255 Y225.601 F300
G1 X26.273 Y225.531 F300
G1 X26.296 Y225.461 F300
G1 X26.325 Y225.391 F300
G1 X26.36 Y225.322 F300
G1 X26.401 Y225.255 F300
G1 X26.447 Y225.19 F300
G1 X26.5 Y225.127 F300
G1 X26.56 Y225.067 F300
G1 X26.625 Y225.01 F300
G1 X26.698 Y224.957 F300
G1 X26.777 Y224.909 F300
G1 X26.863 Y224.866 F300
G1 X26.957 Y224.827 F300
G1 X27.057 Y224.795 F300
G1 X27.165 Y224.769 F300
G1 X27.281 Y224.75 F300
G1 X27.404 Y224.738 F300
G1 X27.535 Y224.734 F300
G1 X27.674 Y224.739 F300
G1 X27.807 Y224.754 F300
G1 X27.936 Y224.779 F300
G1 X28.06 Y224.814 F300
G1 X28.179 Y224.857 F300
G1 X28.294 Y224.91 F300
G1 X28.404 Y224.972 F300
G1 X28.481 Y225.032 F300
G1 X28.55 Y225.098 F300
G1 X28.611 Y225.168 F300
G1 X28.664 Y225.243 F300
G1 X28.711 Y225.323 F300
G1 X28.751 Y225.405 F300
G1 X28.784 Y225.491 F300
G1 X28.812 Y225.58 F300
G1 X28.835 Y225.671 F300
G1 X28.852 Y225.764 F300
G1 X28.865 Y225.858 F300
G1 X28.874 Y225.952 F300
G1 X28.879 Y226.047 F300
G1 X28.881 Y226.142 F300
G1 X28.878 Y226.262 F300
G1 X28.871 Y226.388 F300
G1 X28.859 Y226.52 F300
G1 X28.842 Y226.66 F300
G1 X28.821 Y226.807 F300
G1 X28.797 Y226.964 F300
G1 X28.768 Y227.13 F300
G1 X28.758 Y227.194 F300
G1 X28.746 Y227.267 F300
G1 X28.732 Y227.348 F300
G1 X28.716 Y227.438 F300
G1 X28.699 Y227.535 F300
G1 X28.681 Y227.64 F300
G1 X28.663 Y227.754 F300
G1 X28.783 Y227.798 F300
G1 X28.898 Y227.852 F300
G1 X29.009 Y227.915 F300
G1 X29.115 Y227.987 F300
G1 X29.215 Y228.066 F300
G1 X29.31 Y228.153 F300
G1 X29.399 Y228.246 F300
G1 X29.481 Y228.345 F300
G1 X29.557 Y228.45 F300
G1 X29.625 Y228.56 F300
G1 X29.685 Y228.674 F300
G1 X29.737 Y228.791 F300
G1 X29.781 Y228.912 F300
G1 X29.816 Y229.035 F300
G1 X29.841 Y229.16 F300
G1 X29.856 Y229.287 F300
G1 X29.862 Y229.414 F300
G1 X29.856 Y229.563 F300
G1 X29.842 Y229.707 F300
G1 X29.817 Y229.845 F300
G1 X29.783 Y229.979 F300
G1 X29.74 Y230.106 F300
G1 X29.689 Y230.228 F300
G1 X29.629 Y230.344 F300
G1 X29.561 Y230.453 F300
G1 X29.486 Y230.556 F300
G1 X29.403 Y230.652 F300
G1 X29.313 Y230.741 F300
G1 X29.216 Y230.822 F300
G1 X29.113 Y230.896 F300
G1 X29.003 Y230.962 F300
G1 X28.888 Y231.02 F300
G1 X28.767 Y231.07 F300
G1 X28.64 Y231.111 F300
G1 X28.509 Y231.144 F300
G1 X28.373 Y231.167 F300
G1 X28.233 Y231.182 F300
G1 X28.089 Y231.187 F300
G1 X28.036 Y231.5 F300
G1 X27.985 Y231.81 F300
G1 X27.934 Y232.115 F300
G1 X27.886 Y232.413 F300
G1 X28.014 Y232.551 F300
G1 X28.138 Y232.692 F300
G1 X28.256 Y232.834 F300
G1 X28.368 Y232.98 F300
G1 X28.474 Y233.128 F300
G1 X28.573 Y233.279 F300
G1 X28.666 Y233.433 F300
G1 X28.751 Y233.59 F300
G1 X28.829 Y233.751 F300
G1 X28.899 Y233.915 F300
G1 X28.961 Y234.083 F300
G1 X29.014 Y234.255 F300
G1 X29.058 Y234.431 F300
G1 X29.093 Y234.612 F300
G1 X29.119 Y234.797 F300
G1 X29.134 Y234.986 F300
G1 X29.14 Y235.18 F300
G1 X29.136 Y235.337 F300
G1 X29.125 Y235.488 F300
G1 X29.107 Y235.634 F300
G1 X29.085 Y235.773 F300
G1 X29.058 Y235.904 F300
G1 X29.028 Y236.029 F300
G1 X28.995 Y236.145 F300
G1 X28.961 Y236.253 F300
G1 X28.927 Y236.352 F300
G1 X28.893 Y236.441 F300
G1 X28.861 Y236.52 F300
G1 X28.832 Y236.588 F300
G1 X28.789 Y236.675 F300
G1 X28.745 Y236.757 F300
G1 X28.701 Y236.833 F300
G1 X28.656 Y236.903 F300
G1 X28.611 Y236.967 F300
G1 X28.567 Y237.024 F300
G1 X28.524 Y237.073 F300
G1 X28.482 Y237.114 F300
G1 X28.441 Y237.147 F300
G1 X28.403 Y237.171 F300
G1 X28.367 Y237.186 F300
G1 X28.334 Y237.191 F300
G1 X28.315 Y237.188 F300
G1 X28.286 Y237.18 F300
G1 X28.249 Y237.165 F300
G1 X28.204 Y237.144 F300
G1 X28.154 Y237.115 F300
G1 X28.098 Y237.077 F300
G1 X28.037 Y237.031 F300
G1 X27.972 Y236.976 F300
G1 X27.905 Y236.91 F300
G1 X27.837 Y236.834 F300
G1 X27.756 Y236.73 F300
G1 X27.683 Y236.618 F300
G1 X27.617 Y236.5 F300
G1 X27.558 Y236.376 F300
G1 X27.505 Y236.248 F300
G1 X27.458 Y236.116 F300
G1 X27.417 Y235.982 F300
G1 X27.381 Y235.846 F300
G1 X27.351 Y235.709 F300
G1 X27.326 Y235.572 F300
G1 X27.305 Y235.437 F300
G1 X27.289 Y235.304 F300
G1 X27.277 Y235.175 F300
G1 X27.269 Y235.05 F300
G1 X27.264 Y234.93 F300
G1 X27.262 Y234.816 F300
G1 X27.263 Y234.74 F300
G1 X27.264 Y234.665 F300
G1 X27.267 Y234.589 F300
G1 X27.271 Y234.512 F300
G1 X27.276 Y234.431 F300
G1 X27.282 Y234.348 F300
G1 X27.29 Y234.261 F300
G1 X27.3 Y234.168 F300
G1 X27.311 Y234.07 F300
G1 X27.323 Y233.965 F300
G1 X27.338 Y233.852 F300
G1 X27.355 Y233.731 F300
G1 X27.373 Y233.601 F300
G1 X27.394 Y233.461 F300
G1 X27.416 Y233.309 F300
G1 X27.411 Y233.304 F300
G1 X27.398 Y233.291 F300
G1 X27.378 Y233.271 F300
G1 X27.353 Y233.245 F300
G1 X27.323 Y233.215 F300
G1 X27.288 Y233.18 F300
G1 X27.25 Y233.143 F300
G1 X27.21 Y233.103 F300
G1 X27.168 Y233.062 F300
G1 X27.125 Y233.02 F300
G1 X27.082 Y232.979 F300
G1 X27.04 Y232.939 F300
G1 X27 Y232.902 F300
G1 X26.962 Y232.867 F300
G1 X26.928 Y232.837 F300
G1 X26.898 Y232.812 F300
G1 X26.813 Y232.733 F300
G1 X26.727 Y232.651 F300
G1 X26.638 Y232.565 F300
G1 X26.549 Y232.477 F300
G1 X26.459 Y232.385 F300
G1 X26.369 Y232.289 F300
G1 X26.279 Y232.19 F300
G1 X26.191 Y232.086 F300
G1 X26.104 Y231.979 F300
G1 X26.02 Y231.867 F300
G1 X25.938 Y231.752 F300
G1 X25.86 Y231.631 F300
G1 X25.785 Y231.506 F300
G1 X25.715 Y231.376 F300
G1 X25.65 Y231.242 F300
G1 X25.591 Y231.102 F300
G1 X25.538 Y230.957 F300
G1 X25.491 Y230.806 F300
G1 X25.452 Y230.65 F300
G1 X25.42 Y230.488 F300
G1 X25.397 Y230.321 F300
G1 X25.382 Y230.147 F300
G1 X25.378 Y229.968 F300
G1 X25.383 Y229.807 F300
G1 X25.4 Y229.65 F300
G1 X25.428 Y229.496 F300
G1 X25.466 Y229.345 F300
G1 X25.515 Y229.199 F300
G1 X25.572 Y229.058 F300
G1 X25.639 Y228.921 F300
G1 X25.715 Y228.789 F300
G1 X25.799 Y228.663 F300
G1 X25.891 Y228.542 F300
G1 X25.991 Y228.427 F300
G1 X26.098 Y228.319 F300
G1 X26.211 Y228.217 F300
G1 X26.331 Y228.123 F300
G1 X26.456 Y228.035 F300
G1 X26.588 Y227.955 F300
G1 X26.724 Y227.883 F300
G1 X26.864 Y227.82 F300
G1 X27.009 Y227.764 F300
G1 X27.158 Y227.718 F300
G1 X27.31 Y227.681 F300
G1 X27.465 Y227.653 F300
G1 X27.623 Y227.635 F300
G1 X27.823 Y227.627 F300
G1 X27.972 Y227.631 F300
G1 X28.115 Y227.641 F300
G1 X28.25 Y227.657 F300
G1 X28.376 Y227.676 F300
G1 X28.414 Y227.48 F300
G1 X28.449 Y227.294 F300
G1 X28.48 Y227.119 F300
G1 X28.508 Y226.953 F300
G1 X28.531 Y226.796 F300
G1 X28.551 Y226.649 F300
G1 X28.566 Y226.51 F300
G1 X28.577 Y226.38 F300
G1 X28.584 Y226.257 F300
G1 X28.586 Y226.142 F300
G1 X28.582 Y226.01 F300
G1 X28.569 Y225.885 F300
G1 X28.547 Y225.769 F300
G1 X28.517 Y225.661 F300
G1 X28.479 Y225.561 F300
G1 X28.431 Y225.469 F300
G1 X28.376 Y225.386 F300
G1 X28.312 Y225.312 F300
G1 X28.24 Y225.246 F300
G1 X28.16 Y225.189 F300
G1 X28.071 Y225.14 F300
G1 X27.974 Y225.1 F300
G1 X27.87 Y225.068 F300
G1 X27.757 Y225.046 F300
G1 X27.636 Y225.033 F300
G1 X27.507 Y225.028 F300
G1 X27.452 Y225.029 F300
G1 X27.4 Y225.033 F300
G1 X27.35 Y225.037 F300
G1 X27.306 Y225.043 F300
G1 X27.266 Y225.049 F300
G1 X27.232 Y225.054 F300
G1 X27.206 Y225.059 F300
G1 X27.187 Y225.062 F300
G1 X27.178 Y225.063 F300
G1 X27.169 Y225.07 F300
G1 X27.161 Y225.077 F300
G1 X27.157 Y225.084 F300
G1 X27.161 Y225.096 F300
G1 X27.174 Y225.105 F300
G1 X27.192 Y225.112 F300
G1 X27.263 Y225.126 F300
G1 X27.332 Y225.147 F300
G1 X27.401 Y225.175 F300
G1 X27.467 Y225.209 F300
G1 X27.53 Y225.25 F300
G1 X27.59 Y225.298 F300
G1 X27.645 Y225.351 F300
G1 X27.695 Y225.411 F300
G1 X27.74 Y225.477 F300
G1 X27.778 Y225.548 F300
G1 X27.809 Y225.625 F300
G1 X27.831 Y225.708 F300
G1 X27.846 Y225.796 F300
G1 X27.851 Y225.89 F300
G1 X27.847 Y225.961 F300
G1 X27.837 Y226.032 F300
G1 X27.821 Y226.102 F300
G1 X27.798 Y226.171 F300
G1 X27.768 Y226.238 F300
G1 X27.732 Y226.302 F300
G1 X27.69 Y226.363 F300
G1 X27.641 Y226.421 F300
G1 X27.587 Y226.474 F300
G1 X27.526 Y226.521 F300
G1 X27.459 Y226.564 F300
G1 X27.387 Y226.599 F300
G1 X27.308 Y226.628 F300
G1 X27.224 Y226.65 F300
G1 X27.134 Y226.663 F300
G1 X27.038 Y226.668 F300
G1 X26.942 Y226.662 F300
G1 X26.851 Y226.647 F300
G1 X26.766 Y226.622 F300
G1 X26.686 Y226.589 F300
G1 X26.611 Y226.547 F300
G1 X26.542 Y226.498 F300
G1 X26.48 Y226.441 F300
G1 X26.424 Y226.378 F300
G1 X26.375 Y226.309 F300
G1 X26.332 Y226.235 F300
G1 X26.297 Y226.156 F300
G1 X26.269 Y226.073 F300
G1 X26.249 Y225.987 F300
G1 X26.236 Y225.897 F300
G1 X26.232 Y225.806 F300;svg > path
G0 X29.357 Y215.394
G1 X29.362 Y215.33 F300
G1 X29.378 Y215.27 F300
G1 X29.404 Y215.216 F300
G1 X29.437 Y215.167 F300
G1 X29.478 Y215.125 F300
G1 X29.525 Y215.091 F300
G1 X29.577 Y215.065 F300
G1 X29.634 Y215.049 F300
G1 X29.693 Y215.043 F300
G1 X29.753 Y215.049 F300
G1 X29.809 Y215.065 F300
G1 X29.861 Y215.091 F300
G1 X29.908 Y215.125 F300
G1 X29.949 Y215.167 F300
G1 X29.983 Y215.216 F300
G1 X30.008 Y215.27 F300
G1 X30.024 Y215.33 F300
G1 X30.03 Y215.394 F300
G1 X30.025 Y215.451 F300
G1 X30.012 Y215.506 F300
G1 X29.991 Y215.557 F300
G1 X29.964 Y215.604 F300
G1 X29.93 Y215.646 F300
G1 X29.89 Y215.682 F300
G1 X29.846 Y215.711 F300
G1 X29.798 Y215.733 F300
G1 X29.747 Y215.746 F300
G1 X29.693 Y215.751 F300
G1 X29.64 Y215.746 F300
G1 X29.588 Y215.733 F300
G1 X29.54 Y215.711 F300
G1 X29.496 Y215.682 F300
G1 X29.457 Y215.646 F300
G1 X29.423 Y215.604 F300
G1 X29.395 Y215.557 F300
G1 X29.374 Y215.506 F300
G1 X29.361 Y215.451 F300
G1 X29.357 Y215.394 F300
G0 X27.157 Y216.284
G1 X27.064 Y216.28 F300
G1 X26.974 Y216.272 F300
G1 X26.887 Y216.258 F300
G1 X26.803 Y216.24 F300
G1 X26.722 Y216.219 F300
G1 X26.646 Y216.195 F300
G1 X26.575 Y216.17 F300
G1 X26.508 Y216.143 F300
G1 X26.446 Y216.116 F300
G1 X26.391 Y216.089 F300
G1 X26.341 Y216.063 F300
G1 X26.297 Y216.04 F300
G1 X26.261 Y216.019 F300
G1 X26.231 Y216.001 F300
G1 X26.21 Y215.987 F300
G1 X26.196 Y215.978 F300
G1 X26.19 Y215.975 F300
G1 X26.09 Y215.897 F300
G1 X25.996 Y215.812 F300
G1 X25.91 Y215.721 F300
G1 X25.83 Y215.624 F300
G1 X25.759 Y215.523 F300
G1 X25.695 Y215.417 F300
G1 X25.641 Y215.306 F300
G1 X25.595 Y215.191 F300
G1 X25.559 Y215.073 F300
G1 X25.532 Y214.951 F300
G1 X25.516 Y214.827 F300
G1 X25.511 Y214.7 F300
G1 X25.515 Y214.6 F300
G1 X25.526 Y214.503 F300
G1 X25.545 Y214.411 F300
G1 X25.572 Y214.324 F300
G1 X25.606 Y214.242 F300
G1 X25.647 Y214.166 F300
G1 X25.696 Y214.096 F300
G1 X25.751 Y214.033 F300
G1 X25.813 Y213.976 F300
G1 X25.882 Y213.927 F300
G1 X25.958 Y213.886 F300
G1 X26.04 Y213.854 F300
G1 X26.128 Y213.83 F300
G1 X26.223 Y213.815 F300
G1 X26.323 Y213.81 F300
G1 X26.418 Y213.815 F300
G1 X26.509 Y213.828 F300
G1 X26.596 Y213.851 F300
G1 X26.678 Y213.881 F300
G1 X26.755 Y213.919 F300
G1 X26.826 Y213.965 F300
G1 X26.891 Y214.019 F300
G1 X26.949 Y214.079 F300
G1 X27 Y214.147 F300
G1 X27.042 Y214.22 F300
G1 X27.076 Y214.3 F300
G1 X27.101 Y214.386 F300
G1 X27.117 Y214.478 F300
G1 X27.122 Y214.574 F300
G1 X27.117 Y214.658 F300
G1 X27.102 Y214.74 F300
G1 X27.077 Y214.819 F300
G1 X27.044 Y214.893 F300
G1 X27.002 Y214.963 F300
G1 X26.953 Y215.028 F300
G1 X26.898 Y215.088 F300
G1 X26.836 Y215.142 F300
G1 X26.77 Y215.188 F300
G1 X26.698 Y215.228 F300
G1 X26.623 Y215.26 F300
G1 X26.544 Y215.283 F300
G1 X26.463 Y215.298 F300
G1 X26.379 Y215.303 F300
G1 X26.298 Y215.298 F300
G1 X26.223 Y215.286 F300
G1 X26.155 Y215.268 F300
G1 X26.117 Y215.25 F300
G1 X26.073 Y215.228 F300
G1 X26.027 Y215.202 F300
G1 X25.983 Y215.174 F300
G1 X25.943 Y215.146 F300
G1 X25.91 Y215.12 F300
G1 X25.929 Y215.213 F300
G1 X25.958 Y215.304 F300
G1 X25.995 Y215.394 F300
G1 X26.04 Y215.48 F300
G1 X26.092 Y215.563 F300
G1 X26.151 Y215.641 F300
G1 X26.216 Y215.713 F300
G1 X26.287 Y215.778 F300
G1 X26.362 Y215.835 F300
G1 X26.442 Y215.884 F300
G1 X26.52 Y215.923 F300
G1 X26.604 Y215.955 F300
G1 X26.692 Y215.981 F300
G1 X26.786 Y216 F300
G1 X26.883 Y216.014 F300
G1 X26.983 Y216.022 F300
G1 X27.087 Y216.024 F300
G1 X27.197 Y216.019 F300
G1 X27.301 Y216.005 F300
G1 X27.398 Y215.981 F300
G1 X27.49 Y215.948 F300
G1 X27.576 Y215.904 F300
G1 X27.655 Y215.852 F300
G1 X27.729 Y215.789 F300
G1 X27.797 Y215.717 F300
G1 X27.859 Y215.635 F300
G1 X27.915 Y215.543 F300
G1 X27.965 Y215.441 F300
G1 X28.009 Y215.33 F300
G1 X28.047 Y215.208 F300
G1 X28.079 Y215.077 F300
G1 X28.105 Y214.936 F300
G1 X28.126 Y214.785 F300
G1 X28.14 Y214.624 F300
G1 X28.149 Y214.454 F300
G1 X28.152 Y214.273 F300
G1 X28.147 Y214.126 F300
G1 X28.133 Y213.973 F300
G1 X28.11 Y213.816 F300
G1 X28.079 Y213.655 F300
G1 X28.04 Y213.491 F300
G1 X27.993 Y213.325 F300
G1 X27.939 Y213.158 F300
G1 X27.878 Y212.991 F300
G1 X27.811 Y212.826 F300
G1 X27.738 Y212.662 F300
G1 X27.66 Y212.501 F300
G1 X27.576 Y212.345 F300
G1 X27.488 Y212.192 F300
G1 X27.395 Y212.046 F300
G1 X27.299 Y211.907 F300
G1 X27.199 Y211.775 F300
G1 X27.097 Y211.652 F300
G1 X26.991 Y211.538 F300
G1 X26.884 Y211.435 F300
G1 X26.775 Y211.338 F300
G1 X26.667 Y211.246 F300
G1 X26.561 Y211.159 F300
G1 X26.457 Y211.078 F300
G1 X26.355 Y211.001 F300
G1 X26.257 Y210.93 F300
G1 X26.162 Y210.864 F300
G1 X26.07 Y210.802 F300
G1 X25.984 Y210.746 F300
G1 X25.902 Y210.695 F300
G1 X25.826 Y210.649 F300
G1 X25.755 Y210.608 F300
G1 X25.691 Y210.572 F300
G1 X25.634 Y210.541 F300
G1 X25.584 Y210.514 F300
G1 X25.542 Y210.493 F300
G1 X25.508 Y210.476 F300
G1 X25.483 Y210.464 F300
G1 X25.468 Y210.457 F300
G1 X25.462 Y210.454 F300
G1 X25.457 Y210.451 F300
G1 X25.445 Y210.443 F300
G1 X25.429 Y210.429 F300
G1 X25.411 Y210.409 F300
G1 X25.394 Y210.384 F300
G1 X25.382 Y210.355 F300
G1 X25.378 Y210.321 F300
G1 X25.379 Y210.309 F300
G1 X25.383 Y210.298 F300
G1 X25.385 Y210.286 F300
G1 X25.398 Y210.256 F300
G1 X25.417 Y210.233 F300
G1 X25.44 Y210.218 F300
G1 X25.464 Y210.208 F300
G1 X25.488 Y210.204 F300
G1 X25.511 Y210.202 F300
G1 X25.521 Y210.204 F300
G1 X25.535 Y210.207 F300
G1 X25.546 Y210.209 F300
G1 X25.552 Y210.211 F300
G1 X25.568 Y210.218 F300
G1 X25.594 Y210.229 F300
G1 X25.629 Y210.244 F300
G1 X25.672 Y210.263 F300
G1 X25.723 Y210.286 F300
G1 X25.781 Y210.313 F300
G1 X25.846 Y210.344 F300
G1 X25.916 Y210.378 F300
G1 X25.991 Y210.416 F300
G1 X26.071 Y210.457 F300
G1 X26.155 Y210.502 F300
G1 X26.243 Y210.55 F300
G1 X26.333 Y210.6 F300
G1 X26.425 Y210.654 F300
G1 X26.519 Y210.711 F300
G1 X26.614 Y210.771 F300
G1 X26.709 Y210.833 F300
G1 X26.803 Y210.898 F300
G1 X26.897 Y210.966 F300
G1 X26.989 Y211.036 F300
G1 X27.112 Y211.127 F300
G1 X27.236 Y211.224 F300
G1 X27.36 Y211.326 F300
G1 X27.484 Y211.432 F300
G1 X27.607 Y211.544 F300
G1 X27.729 Y211.66 F300
G1 X27.849 Y211.78 F300
G1 X27.966 Y211.905 F300
G1 X28.081 Y212.033 F300
G1 X28.191 Y212.165 F300
G1 X28.298 Y212.301 F300
G1 X28.401 Y212.44 F300
G1 X28.498 Y212.582 F300
G1 X28.589 Y212.726 F300
G1 X28.675 Y212.873 F300
G1 X28.753 Y213.023 F300
G1 X28.825 Y213.175 F300
G1 X28.888 Y213.329 F300
G1 X28.944 Y213.484 F300
G1 X28.99 Y213.641 F300
G1 X29.027 Y213.799 F300
G1 X29.054 Y213.959 F300
G1 X29.071 Y214.119 F300
G1 X29.077 Y214.28 F300
G1 X29.073 Y214.436 F300
G1 X29.062 Y214.588 F300
G1 X29.043 Y214.734 F300
G1 X29.017 Y214.875 F300
G1 X28.984 Y215.01 F300
G1 X28.943 Y215.139 F300
G1 X28.895 Y215.262 F300
G1 X28.84 Y215.379 F300
G1 X28.778 Y215.49 F300
G1 X28.708 Y215.595 F300
G1 X28.631 Y215.692 F300
G1 X28.547 Y215.783 F300
G1 X28.456 Y215.867 F300
G1 X28.357 Y215.944 F300
G1 X28.252 Y216.013 F300
G1 X28.139 Y216.075 F300
G1 X28.02 Y216.13 F300
G1 X27.893 Y216.176 F300
G1 X27.76 Y216.214 F300
G1 X27.62 Y216.244 F300
G1 X27.472 Y216.266 F300
G1 X27.318 Y216.279 F300
G1 X27.157 Y216.284 F300
G0 X29.357 Y213.663
G1 X29.361 Y213.606 F300
G1 X29.374 Y213.551 F300
G1 X29.395 Y213.5 F300
G1 X29.423 Y213.453 F300
G1 X29.457 Y213.411 F300
G1 X29.496 Y213.375 F300
G1 X29.54 Y213.346 F300
G1 X29.588 Y213.324 F300
G1 X29.64 Y213.311 F300
G1 X29.693 Y213.306 F300
G1 X29.747 Y213.311 F300
G1 X29.798 Y213.324 F300
G1 X29.846 Y213.346 F300
G1 X29.89 Y213.375 F300
G1 X29.93 Y213.411 F300
G1 X29.964 Y213.453 F300
G1 X29.991 Y213.5 F300
G1 X30.012 Y213.551 F300
G1 X30.025 Y213.606 F300
G1 X30.03 Y213.663 F300
G1 X30.025 Y213.721 F300
G1 X30.012 Y213.776 F300
G1 X29.991 Y213.827 F300
G1 X29.964 Y213.874 F300
G1 X29.93 Y213.915 F300
G1 X29.89 Y213.951 F300
G1 X29.846 Y213.98 F300
G1 X29.798 Y214.002 F300
G1 X29.747 Y214.016 F300
G1 X29.693 Y214.021 F300
G1 X29.64 Y214.016 F300
G1 X29.588 Y214.002 F300
G1 X29.54 Y213.98 F300
G1 X29.496 Y213.951 F300
G1 X29.457 Y213.915 F300
G1 X29.423 Y213.874 F300
G1 X29.395 Y213.827 F300
G1 X29.374 Y213.776 F300
G1 X29.361 Y213.721 F300
G1 X29.357 Y213.663 F300;svg > path
G0 X33.135 Y232
G1 X33.135 Y231.481 F300
G1 X32.554 Y231.481 F300
G1 X32.53 Y231.478 F300
G1 X32.507 Y231.468 F300
G1 X32.486 Y231.453 F300
G1 X32.47 Y231.434 F300
G1 X32.46 Y231.41 F300
G1 X32.456 Y231.383 F300
G1 X32.456 Y231.25 F300
G1 X32.46 Y231.224 F300
G1 X32.47 Y231.2 F300
G1 X32.486 Y231.18 F300
G1 X32.507 Y231.165 F300
G1 X32.53 Y231.156 F300
G1 X32.554 Y231.152 F300
G1 X34.677 Y231.152 F300
G1 X34.708 Y231.157 F300
G1 X34.735 Y231.171 F300
G1 X34.756 Y231.192 F300
G1 X34.77 Y231.219 F300
G1 X34.775 Y231.25 F300
G1 X34.775 Y231.383 F300
G1 X34.77 Y231.415 F300
G1 X34.756 Y231.442 F300
G1 X34.735 Y231.463 F300
G1 X34.708 Y231.477 F300
G1 X34.677 Y231.481 F300
G1 X34.046 Y231.481 F300
G1 X34.046 Y232 F300
G1 X34.677 Y232 F300
G1 X34.703 Y232.004 F300
G1 X34.727 Y232.015 F300
G1 X34.747 Y232.031 F300
G1 X34.762 Y232.053 F300
G1 X34.771 Y232.078 F300
G1 X34.775 Y232.105 F300
G1 X34.775 Y232.238 F300
G1 X34.771 Y232.262 F300
G1 X34.762 Y232.285 F300
G1 X34.747 Y232.306 F300
G1 X34.727 Y232.322 F300
G1 X34.703 Y232.332 F300
G1 X34.677 Y232.336 F300
G1 X34.046 Y232.336 F300
G1 X34.046 Y233.45 F300
G1 X34.042 Y233.48 F300
G1 X34.032 Y233.506 F300
G1 X34.017 Y233.527 F300
G1 X33.997 Y233.541 F300
G1 X33.913 Y233.583 F300
G1 X33.901 Y233.588 F300
G1 X33.89 Y233.59 F300
G1 X33.878 Y233.59 F300
G1 X33.857 Y233.59 F300
G1 X33.837 Y233.588 F300
G1 X33.818 Y233.581 F300
G1 X33.801 Y233.569 F300
G1 X33.163 Y232.988 F300
G1 X33.147 Y232.965 F300
G1 X33.138 Y232.939 F300
G1 X33.135 Y232.911 F300
G1 X33.135 Y232.336 F300
G1 X32.323 Y232.336 F300
G1 X32.327 Y232.341 F300
G1 X32.338 Y232.354 F300
G1 X32.358 Y232.375 F300
G1 X32.385 Y232.404 F300
G1 X32.418 Y232.441 F300
G1 X32.458 Y232.485 F300
G1 X32.504 Y232.537 F300
G1 X32.557 Y232.595 F300
G1 X32.614 Y232.661 F300
G1 X32.678 Y232.733 F300
G1 X32.746 Y232.811 F300
G1 X32.818 Y232.895 F300
G1 X32.895 Y232.985 F300
G1 X32.976 Y233.081 F300
G1 X33.061 Y233.181 F300
G1 X33.149 Y233.287 F300
G1 X33.24 Y233.398 F300
G1 X33.333 Y233.513 F300
G1 X33.43 Y233.632 F300
G1 X33.528 Y233.755 F300
G1 X33.627 Y233.882 F300
G1 X33.729 Y234.013 F300
G1 X33.831 Y234.147 F300
G1 X33.934 Y234.284 F300
G1 X33.951 Y234.31 F300
G1 X33.962 Y234.336 F300
G1 X33.968 Y234.36 F300
G1 X33.969 Y234.382 F300
G1 X33.967 Y234.407 F300
G1 X33.961 Y234.428 F300
G1 X33.954 Y234.443 F300
G1 X33.948 Y234.452 F300
G1 X33.794 Y234.606 F300
G1 X33.773 Y234.62 F300
G1 X33.75 Y234.63 F300
G1 X33.724 Y234.634 F300
G1 X33.713 Y234.634 F300
G1 X33.691 Y234.634 F300
G1 X33.661 Y234.634 F300
G1 X33.622 Y234.634 F300
G1 X33.576 Y234.634 F300
G1 X33.524 Y234.634 F300
G1 X33.467 Y234.634 F300
G1 X33.406 Y234.634 F300
G1 X33.341 Y234.634 F300
G1 X33.275 Y234.634 F300
G1 X33.207 Y234.634 F300
G1 X33.139 Y234.634 F300
G1 X33.073 Y234.634 F300
G1 X33.008 Y234.634 F300
G1 X32.946 Y234.634 F300
G1 X32.888 Y234.634 F300
G1 X32.835 Y234.634 F300
G1 X32.788 Y234.634 F300
G1 X32.748 Y234.634 F300
G1 X32.716 Y234.634 F300
G1 X32.693 Y234.634 F300
G1 X32.68 Y234.634 F300
G1 X32.652 Y234.629 F300
G1 X32.629 Y234.617 F300
G1 X32.61 Y234.598 F300
G1 X32.596 Y234.575 F300
G1 X32.589 Y234.55 F300
G1 X32.588 Y234.545 F300
G1 X32.587 Y234.529 F300
G1 X32.585 Y234.504 F300
G1 X32.582 Y234.47 F300
G1 X32.577 Y234.428 F300
G1 X32.571 Y234.377 F300
G1 X32.563 Y234.319 F300
G1 X32.554 Y234.255 F300
G1 X32.543 Y234.184 F300
G1 X32.53 Y234.108 F300
G1 X32.515 Y234.026 F300
G1 X32.497 Y233.94 F300
G1 X32.477 Y233.851 F300
G1 X32.455 Y233.758 F300
G1 X32.43 Y233.662 F300
G1 X32.402 Y233.564 F300
G1 X32.372 Y233.464 F300
G1 X32.321 Y233.315 F300
G1 X32.27 Y233.176 F300
G1 X32.217 Y233.046 F300
G1 X32.164 Y232.925 F300
G1 X32.111 Y232.813 F300
G1 X32.058 Y232.709 F300
G1 X32.004 Y232.612 F300
G1 X31.951 Y232.522 F300
G1 X31.899 Y232.438 F300
G1 X31.848 Y232.36 F300
G1 X31.797 Y232.287 F300
G1 X31.795 Y232.283 F300
G1 X31.79 Y232.272 F300
G1 X31.784 Y232.255 F300
G1 X31.778 Y232.234 F300
G1 X31.776 Y232.21 F300
G1 X31.777 Y232.189 F300
G1 X31.783 Y232.168 F300
G1 X31.794 Y232.146 F300
G1 X31.806 Y232.122 F300
G1 X31.82 Y232.098 F300
G1 X31.832 Y232.076 F300
G1 X31.843 Y232.058 F300
G1 X31.851 Y232.046 F300
G1 X31.853 Y232.042 F300
G1 X31.855 Y232.039 F300
G1 X31.859 Y232.031 F300
G1 X31.868 Y232.021 F300
G1 X31.882 Y232.011 F300
G1 X31.903 Y232.003 F300
G1 X31.93 Y232 F300
G1 X33.135 Y232 F300;svg > path
G0 X33.135 Y228.52
G1 X33.135 Y228.002 F300
G1 X32.554 Y228.002 F300
G1 X32.53 Y227.999 F300
G1 X32.507 Y227.989 F300
G1 X32.486 Y227.974 F300
G1 X32.47 Y227.954 F300
G1 X32.46 Y227.931 F300
G1 X32.456 Y227.904 F300
G1 X32.456 Y227.771 F300
G1 X32.46 Y227.744 F300
G1 X32.47 Y227.721 F300
G1 X32.486 Y227.701 F300
G1 X32.507 Y227.686 F300
G1 X32.53 Y227.676 F300
G1 X32.554 Y227.673 F300
G1 X34.677 Y227.673 F300
G1 X34.708 Y227.678 F300
G1 X34.735 Y227.691 F300
G1 X34.756 Y227.712 F300
G1 X34.77 Y227.739 F300
G1 X34.775 Y227.771 F300
G1 X34.775 Y227.904 F300
G1 X34.77 Y227.936 F300
G1 X34.756 Y227.963 F300
G1 X34.735 Y227.984 F300
G1 X34.708 Y227.997 F300
G1 X34.677 Y228.002 F300
G1 X34.046 Y228.002 F300
G1 X34.046 Y228.52 F300
G1 X34.677 Y228.52 F300
G1 X34.703 Y228.524 F300
G1 X34.727 Y228.535 F300
G1 X34.747 Y228.552 F300
G1 X34.762 Y228.573 F300
G1 X34.771 Y228.598 F300
G1 X34.775 Y228.626 F300
G1 X34.775 Y228.759 F300
G1 X34.771 Y228.783 F300
G1 X34.762 Y228.806 F300
G1 X34.747 Y228.826 F300
G1 X34.727 Y228.842 F300
G1 X34.703 Y228.853 F300
G1 X34.677 Y228.857 F300
G1 X34.046 Y228.857 F300
G1 X34.046 Y229.971 F300
G1 X34.042 Y230.001 F300
G1 X34.032 Y230.027 F300
G1 X34.017 Y230.048 F300
G1 X33.997 Y230.062 F300
G1 X33.913 Y230.104 F300
G1 X33.901 Y230.109 F300
G1 X33.89 Y230.111 F300
G1 X33.878 Y230.111 F300
G1 X33.857 Y230.111 F300
G1 X33.837 Y230.108 F300
G1 X33.818 Y230.102 F300
G1 X33.801 Y230.09 F300
G1 X33.163 Y229.508 F300
G1 X33.147 Y229.485 F300
G1 X33.138 Y229.459 F300
G1 X33.135 Y229.431 F300
G1 X33.135 Y228.857 F300
G1 X32.323 Y228.857 F300
G1 X32.327 Y228.861 F300
G1 X32.338 Y228.874 F300
G1 X32.358 Y228.895 F300
G1 X32.385 Y228.924 F300
G1 X32.418 Y228.961 F300
G1 X32.458 Y229.005 F300
G1 X32.504 Y229.057 F300
G1 X32.557 Y229.116 F300
G1 X32.614 Y229.181 F300
G1 X32.678 Y229.253 F300
G1 X32.746 Y229.331 F300
G1 X32.818 Y229.415 F300
G1 X32.895 Y229.505 F300
G1 X32.976 Y229.601 F300
G1 X33.061 Y229.702 F300
G1 X33.149 Y229.808 F300
G1 X33.24 Y229.918 F300
G1 X33.333 Y230.033 F300
G1 X33.43 Y230.152 F300
G1 X33.528 Y230.276 F300
G1 X33.627 Y230.403 F300
G1 X33.729 Y230.534 F300
G1 X33.831 Y230.668 F300
G1 X33.934 Y230.805 F300
G1 X33.951 Y230.831 F300
G1 X33.962 Y230.856 F300
G1 X33.968 Y230.88 F300
G1 X33.969 Y230.903 F300
G1 X33.967 Y230.927 F300
G1 X33.961 Y230.948 F300
G1 X33.954 Y230.964 F300
G1 X33.948 Y230.973 F300
G1 X33.794 Y231.127 F300
G1 X33.773 Y231.14 F300
G1 X33.75 Y231.151 F300
G1 X33.724 Y231.155 F300
G1 X33.713 Y231.155 F300
G1 X33.691 Y231.155 F300
G1 X33.661 Y231.155 F300
G1 X33.622 Y231.155 F300
G1 X33.576 Y231.155 F300
G1 X33.524 Y231.155 F300
G1 X33.467 Y231.155 F300
G1 X33.406 Y231.155 F300
G1 X33.341 Y231.155 F300
G1 X33.275 Y231.155 F300
G1 X33.207 Y231.155 F300
G1 X33.139 Y231.155 F300
G1 X33.073 Y231.155 F300
G1 X33.008 Y231.155 F300
G1 X32.946 Y231.155 F300
G1 X32.888 Y231.155 F300
G1 X32.835 Y231.155 F300
G1 X32.788 Y231.155 F300
G1 X32.748 Y231.155 F300
G1 X32.716 Y231.155 F300
G1 X32.693 Y231.155 F300
G1 X32.68 Y231.155 F300
G1 X32.652 Y231.15 F300
G1 X32.629 Y231.137 F300
G1 X32.61 Y231.118 F300
G1 X32.596 Y231.096 F300
G1 X32.589 Y231.071 F300
G1 X32.588 Y231.065 F300
G1 X32.587 Y231.05 F300
G1 X32.585 Y231.025 F300
G1 X32.582 Y230.991 F300
G1 X32.577 Y230.948 F300
G1 X32.571 Y230.898 F300
G1 X32.563 Y230.84 F300
G1 X32.554 Y230.775 F300
G1 X32.543 Y230.704 F300
G1 X32.53 Y230.628 F300
G1 X32.515 Y230.547 F300
G1 X32.497 Y230.461 F300
G1 X32.477 Y230.371 F300
G1 X32.455 Y230.278 F300
G1 X32.43 Y230.182 F300
G1 X32.402 Y230.084 F300
G1 X32.372 Y229.985 F300
G1 X32.321 Y229.835 F300
G1 X32.27 Y229.696 F300
G1 X32.217 Y229.566 F300
G1 X32.164 Y229.446 F300
G1 X32.111 Y229.334 F300
G1 X32.058 Y229.23 F300
G1 X32.004 Y229.133 F300
G1 X31.951 Y229.043 F300
G1 X31.899 Y228.959 F300
G1 X31.848 Y228.881 F300
G1 X31.797 Y228.808 F300
G1 X31.795 Y228.804 F300
G1 X31.79 Y228.793 F300
G1 X31.784 Y228.776 F300
G1 X31.778 Y228.755 F300
G1 X31.776 Y228.731 F300
G1 X31.777 Y228.71 F300
G1 X31.783 Y228.689 F300
G1 X31.794 Y228.666 F300
G1 X31.806 Y228.642 F300
G1 X31.82 Y228.618 F300
G1 X31.832 Y228.597 F300
G1 X31.843 Y228.579 F300
G1 X31.851 Y228.567 F300
G1 X31.853 Y228.563 F300
G1 X31.855 Y228.559 F300
G1 X31.859 Y228.552 F300
G1 X31.868 Y228.541 F300
G1 X31.882 Y228.531 F300
G1 X31.903 Y228.524 F300
G1 X31.93 Y228.52 F300
G1 X33.135 Y228.52 F300;svg > path
G0 X33.135 Y213.625
G1 X33.135 Y213.106 F300
G1 X32.554 Y213.106 F300
G1 X32.53 Y213.103 F300
G1 X32.507 Y213.093 F300
G1 X32.486 Y213.078 F300
G1 X32.47 Y213.059 F300
G1 X32.46 Y213.035 F300
G1 X32.456 Y213.008 F300
G1 X32.456 Y212.875 F300
G1 X32.46 Y212.849 F300
G1 X32.47 Y212.825 F300
G1 X32.486 Y212.805 F300
G1 X32.507 Y212.79 F300
G1 X32.53 Y212.781 F300
G1 X32.554 Y212.777 F300
G1 X34.677 Y212.777 F300
G1 X34.708 Y212.782 F300
G1 X34.735 Y212.796 F300
G1 X34.756 Y212.817 F300
G1 X34.77 Y212.844 F300
G1 X34.775 Y212.875 F300
G1 X34.775 Y213.008 F300
G1 X34.77 Y213.04 F300
G1 X34.756 Y213.067 F300
G1 X34.735 Y213.088 F300
G1 X34.708 Y213.102 F300
G1 X34.677 Y213.106 F300
G1 X34.046 Y213.106 F300
G1 X34.046 Y213.625 F300
G1 X34.677 Y213.625 F300
G1 X34.703 Y213.629 F300
G1 X34.727 Y213.64 F300
G1 X34.747 Y213.656 F300
G1 X34.762 Y213.678 F300
G1 X34.771 Y213.703 F300
G1 X34.775 Y213.73 F300
G1 X34.775 Y213.863 F300
G1 X34.771 Y213.887 F300
G1 X34.762 Y213.91 F300
G1 X34.747 Y213.931 F300
G1 X34.727 Y213.947 F300
G1 X34.703 Y213.957 F300
G1 X34.677 Y213.961 F300
G1 X34.046 Y213.961 F300
G1 X34.046 Y215.075 F300
G1 X34.042 Y215.105 F300
G1 X34.032 Y215.131 F300
G1 X34.017 Y215.152 F300
G1 X33.997 Y215.166 F300
G1 X33.913 Y215.208 F300
G1 X33.901 Y215.213 F300
G1 X33.89 Y215.215 F300
G1 X33.878 Y215.215 F300
G1 X33.857 Y215.215 F300
G1 X33.837 Y215.213 F300
G1 X33.818 Y215.206 F300
G1 X33.801 Y215.194 F300
G1 X33.163 Y214.613 F300
G1 X33.147 Y214.59 F300
G1 X33.138 Y214.563 F300
G1 X33.135 Y214.536 F300
G1 X33.135 Y213.961 F300
G1 X32.323 Y213.961 F300
G1 X32.327 Y213.965 F300
G1 X32.338 Y213.978 F300
G1 X32.358 Y213.999 F300
G1 X32.385 Y214.029 F300
G1 X32.418 Y214.065 F300
G1 X32.458 Y214.11 F300
G1 X32.504 Y214.161 F300
G1 X32.557 Y214.22 F300
G1 X32.614 Y214.286 F300
G1 X32.678 Y214.357 F300
G1 X32.746 Y214.436 F300
G1 X32.818 Y214.52 F300
G1 X32.895 Y214.61 F300
G1 X32.976 Y214.705 F300
G1 X33.061 Y214.806 F300
G1 X33.149 Y214.912 F300
G1 X33.24 Y215.022 F300
G1 X33.333 Y215.138 F300
G1 X33.43 Y215.257 F300
G1 X33.528 Y215.38 F300
G1 X33.627 Y215.507 F300
G1 X33.729 Y215.638 F300
G1 X33.831 Y215.772 F300
G1 X33.934 Y215.909 F300
G1 X33.951 Y215.935 F300
G1 X33.962 Y215.961 F300
G1 X33.968 Y215.985 F300
G1 X33.969 Y216.007 F300
G1 X33.967 Y216.032 F300
G1 X33.961 Y216.053 F300
G1 X33.954 Y216.068 F300
G1 X33.948 Y216.077 F300
G1 X33.794 Y216.231 F300
G1 X33.773 Y216.245 F300
G1 X33.75 Y216.255 F300
G1 X33.724 Y216.259 F300
G1 X33.713 Y216.259 F300
G1 X33.691 Y216.259 F300
G1 X33.661 Y216.259 F300
G1 X33.622 Y216.259 F300
G1 X33.576 Y216.259 F300
G1 X33.524 Y216.259 F300
G1 X33.467 Y216.259 F300
G1 X33.406 Y216.259 F300
G1 X33.341 Y216.259 F300
G1 X33.275 Y216.259 F300
G1 X33.207 Y216.259 F300
G1 X33.139 Y216.259 F300
G1 X33.073 Y216.259 F300
G1 X33.008 Y216.259 F300
G1 X32.946 Y216.259 F300
G1 X32.888 Y216.259 F300
G1 X32.835 Y216.259 F300
G1 X32.788 Y216.259 F300
G1 X32.748 Y216.259 F300
G1 X32.716 Y216.259 F300
G1 X32.693 Y216.259 F300
G1 X32.68 Y216.259 F300
G1 X32.652 Y216.255 F300
G1 X32.629 Y216.242 F300
G1 X32.61 Y216.223 F300
G1 X32.596 Y216.2 F300
G1 X32.589 Y216.175 F300
G1 X32.588 Y216.17 F300
G1 X32.587 Y216.154 F300
G1 X32.585 Y216.129 F300
G1 X32.582 Y216.095 F300
G1 X32.577 Y216.053 F300
G1 X32.571 Y216.002 F300
G1 X32.563 Y215.944 F300
G1 X32.554 Y215.88 F300
G1 X32.543 Y215.809 F300
G1 X32.53 Y215.733 F300
G1 X32.515 Y215.651 F300
G1 X32.497 Y215.565 F300
G1 X32.477 Y215.476 F300
G1 X32.455 Y215.383 F300
G1 X32.43 Y215.287 F300
G1 X32.402 Y215.189 F300
G1 X32.372 Y215.089 F300
G1 X32.321 Y214.94 F300
G1 X32.27 Y214.8 F300
G1 X32.217 Y214.671 F300
G1 X32.164 Y214.55 F300
G1 X32.111 Y214.438 F300
G1 X32.058 Y214.334 F300
G1 X32.004 Y214.237 F300
G1 X31.951 Y214.147 F300
G1 X31.899 Y214.063 F300
G1 X31.848 Y213.985 F300
G1 X31.797 Y213.912 F300
G1 X31.795 Y213.908 F300
G1 X31.79 Y213.897 F300
G1 X31.784 Y213.88 F300
G1 X31.778 Y213.859 F300
G1 X31.776 Y213.835 F300
G1 X31.777 Y213.814 F300
G1 X31.783 Y213.793 F300
G1 X31.794 Y213.771 F300
G1 X31.806 Y213.747 F300
G1 X31.82 Y213.723 F300
G1 X31.832 Y213.701 F300
G1 X31.843 Y213.683 F300
G1 X31.851 Y213.671 F300
G1 X31.853 Y213.667 F300
G1 X31.855 Y213.664 F300
G1 X31.859 Y213.656 F300
G1 X31.868 Y213.646 F300
G1 X31.882 Y213.636 F300
G1 X31.903 Y213.628 F300
G1 X31.93 Y213.625 F300
G1 X33.135 Y213.625 F300;svg > path
G0 X33.135 Y210.145
G1 X33.135 Y209.627 F300
G1 X32.554 Y209.627 F300
G1 X32.53 Y209.624 F300
G1 X32.507 Y209.614 F300
G1 X32.486 Y209.599 F300
G1 X32.47 Y209.579 F300
G1 X32.46 Y209.556 F300
G1 X32.456 Y209.529 F300
G1 X32.456 Y209.396 F300
G1 X32.46 Y209.369 F300
G1 X32.47 Y209.346 F300
G1 X32.486 Y209.326 F300
G1 X32.507 Y209.311 F300
G1 X32.53 Y209.301 F300
G1 X32.554 Y209.298 F300
G1 X34.677 Y209.298 F300
G1 X34.708 Y209.303 F300
G1 X34.735 Y209.316 F300
G1 X34.756 Y209.337 F300
G1 X34.77 Y209.364 F300
G1 X34.775 Y209.396 F300
G1 X34.775 Y209.529 F300
G1 X34.77 Y209.561 F300
G1 X34.756 Y209.588 F300
G1 X34.735 Y209.609 F300
G1 X34.708 Y209.622 F300
G1 X34.677 Y209.627 F300
G1 X34.046 Y209.627 F300
G1 X34.046 Y210.145 F300
G1 X34.677 Y210.145 F300
G1 X34.703 Y210.149 F300
G1 X34.727 Y210.16 F300
G1 X34.747 Y210.177 F300
G1 X34.762 Y210.198 F300
G1 X34.771 Y210.223 F300
G1 X34.775 Y210.251 F300
G1 X34.775 Y210.384 F300
G1 X34.771 Y210.408 F300
G1 X34.762 Y210.431 F300
G1 X34.747 Y210.451 F300
G1 X34.727 Y210.467 F300
G1 X34.703 Y210.478 F300
G1 X34.677 Y210.482 F300
G1 X34.046 Y210.482 F300
G1 X34.046 Y211.596 F300
G1 X34.042 Y211.626 F300
G1 X34.032 Y211.652 F300
G1 X34.017 Y211.673 F300
G1 X33.997 Y211.687 F300
G1 X33.913 Y211.729 F300
G1 X33.901 Y211.734 F300
G1 X33.89 Y211.736 F300
G1 X33.878 Y211.736 F300
G1 X33.857 Y211.736 F300
G1 X33.837 Y211.733 F300
G1 X33.818 Y211.727 F300
G1 X33.801 Y211.715 F300
G1 X33.163 Y211.133 F300
G1 X33.147 Y211.11 F300
G1 X33.138 Y211.084 F300
G1 X33.135 Y211.056 F300
G1 X33.135 Y210.482 F300
G1 X32.323 Y210.482 F300
G1 X32.327 Y210.486 F300
G1 X32.338 Y210.499 F300
G1 X32.358 Y210.52 F300
G1 X32.385 Y210.549 F300
G1 X32.418 Y210.586 F300
G1 X32.458 Y210.63 F300
G1 X32.504 Y210.682 F300
G1 X32.557 Y210.741 F300
G1 X32.614 Y210.806 F300
G1 X32.678 Y210.878 F300
G1 X32.746 Y210.956 F300
G1 X32.818 Y211.041 F300
G1 X32.895 Y211.13 F300
G1 X32.976 Y211.226 F300
G1 X33.061 Y211.327 F300
G1 X33.149 Y211.433 F300
G1 X33.24 Y211.543 F300
G1 X33.333 Y211.658 F300
G1 X33.43 Y211.777 F300
G1 X33.528 Y211.901 F300
G1 X33.627 Y212.028 F300
G1 X33.729 Y212.159 F300
G1 X33.831 Y212.293 F300
G1 X33.934 Y212.43 F300
G1 X33.951 Y212.456 F300
G1 X33.962 Y212.481 F300
G1 X33.968 Y212.505 F300
G1 X33.969 Y212.528 F300
G1 X33.967 Y212.552 F300
G1 X33.961 Y212.573 F300
G1 X33.954 Y212.589 F300
G1 X33.948 Y212.598 F300
G1 X33.794 Y212.752 F300
G1 X33.773 Y212.765 F300
G1 X33.75 Y212.776 F300
G1 X33.724 Y212.78 F300
G1 X33.713 Y212.78 F300
G1 X33.691 Y212.78 F300
G1 X33.661 Y212.78 F300
G1 X33.622 Y212.78 F300
G1 X33.576 Y212.78 F300
G1 X33.524 Y212.78 F300
G1 X33.467 Y212.78 F300
G1 X33.406 Y212.78 F300
G1 X33.341 Y212.78 F300
G1 X33.275 Y212.78 F300
G1 X33.207 Y212.78 F300
G1 X33.139 Y212.78 F300
G1 X33.073 Y212.78 F300
G1 X33.008 Y212.78 F300
G1 X32.946 Y212.78 F300
G1 X32.888 Y212.78 F300
G1 X32.835 Y212.78 F300
G1 X32.788 Y212.78 F300
G1 X32.748 Y212.78 F300
G1 X32.716 Y212.78 F300
G1 X32.693 Y212.78 F300
G1 X32.68 Y212.78 F300
G1 X32.652 Y212.775 F300
G1 X32.629 Y212.762 F300
G1 X32.61 Y212.743 F300
G1 X32.596 Y212.721 F300
G1 X32.589 Y212.696 F300
G1 X32.588 Y212.691 F300
G1 X32.587 Y212.675 F300
G1 X32.585 Y212.65 F300
G1 X32.582 Y212.616 F300
G1 X32.577 Y212.573 F300
G1 X32.571 Y212.523 F300
G1 X32.563 Y212.465 F300
G1 X32.554 Y212.4 F300
G1 X32.543 Y212.329 F300
G1 X32.53 Y212.253 F300
G1 X32.515 Y212.172 F300
G1 X32.497 Y212.086 F300
G1 X32.477 Y211.996 F300
G1 X32.455 Y211.903 F300
G1 X32.43 Y211.807 F300
G1 X32.402 Y211.709 F300
G1 X32.372 Y211.61 F300
G1 X32.321 Y211.46 F300
G1 X32.27 Y211.321 F300
G1 X32.217 Y211.191 F300
G1 X32.164 Y211.071 F300
G1 X32.111 Y210.959 F300
G1 X32.058 Y210.855 F300
G1 X32.004 Y210.758 F300
G1 X31.951 Y210.668 F300
G1 X31.899 Y210.584 F300
G1 X31.848 Y210.506 F300
G1 X31.797 Y210.433 F300
G1 X31.795 Y210.429 F300
G1 X31.79 Y210.418 F300
G1 X31.784 Y210.401 F300
G1 X31.778 Y210.38 F300
G1 X31.776 Y210.356 F300
G1 X31.777 Y210.335 F300
G1 X31.783 Y210.314 F300
G1 X31.794 Y210.291 F300
G1 X31.806 Y210.267 F300
G1 X31.82 Y210.243 F300
G1 X31.832 Y210.222 F300
G1 X31.843 Y210.204 F300
G1 X31.851 Y210.192 F300
G1 X31.853 Y210.188 F300
G1 X31.855 Y210.184 F300
G1 X31.859 Y210.177 F300
G1 X31.868 Y210.166 F300
G1 X31.882 Y210.156 F300
G1 X31.903 Y210.149 F300
G1 X31.93 Y210.145 F300
G1 X33.135 Y210.145 F300;svg > path
G0 X39.884 Y229.987
G1 X39.875 Y229.997 F300
G1 X39.86 Y230.012 F300
G1 X39.842 Y230.036 F300
G1 X39.036 Y231.031 F300
G1 X39.029 Y231.042 F300
G1 X39.024 Y231.057 F300
G1 X39.022 Y231.073 F300
G1 X39.024 Y231.095 F300
G1 X39.029 Y231.118 F300
G1 X39.036 Y231.136 F300
G1 X39.751 Y232.215 F300
G1 X39.758 Y232.231 F300
G1 X39.763 Y232.248 F300
G1 X39.765 Y232.264 F300
G1 X39.765 Y232.327 F300
G1 X39.762 Y232.348 F300
G1 X39.755 Y232.367 F300
G1 X39.744 Y232.383 F300
G1 X38.609 Y233.917 F300
G1 X38.607 Y233.921 F300
G1 X38.6 Y233.928 F300
G1 X38.59 Y233.938 F300
G1 X38.576 Y233.949 F300
G1 X38.559 Y233.956 F300
G1 X38.539 Y233.959 F300
G1 X38.519 Y233.957 F300
G1 X38.502 Y233.95 F300
G1 X38.483 Y233.938 F300
G1 X38.465 Y233.922 F300
G1 X38.455 Y233.903 F300
G1 X38.449 Y233.885 F300
G1 X38.448 Y233.868 F300
G1 X38.45 Y233.844 F300
G1 X38.455 Y233.823 F300
G1 X38.461 Y233.806 F300
G1 X38.467 Y233.795 F300
G1 X38.469 Y233.791 F300
G1 X39.001 Y233.063 F300
G1 X39.013 Y233.039 F300
G1 X39.02 Y233.011 F300
G1 X39.022 Y232.979 F300
G1 X39.02 Y232.949 F300
G1 X39.013 Y232.919 F300
G1 X39.001 Y232.895 F300
G1 X38.293 Y231.816 F300
G1 X38.287 Y231.798 F300
G1 X38.282 Y231.777 F300
G1 X38.279 Y231.76 F300
G1 X38.279 Y231.696 F300
G1 X38.282 Y231.676 F300
G1 X38.289 Y231.656 F300
G1 X38.3 Y231.64 F300
G1 X39.085 Y230.667 F300
G1 X39.064 Y230.671 F300
G1 X39.036 Y230.677 F300
G1 X39 Y230.682 F300
G1 X38.958 Y230.686 F300
G1 X38.91 Y230.688 F300
G1 X38.829 Y230.683 F300
G1 X38.751 Y230.668 F300
G1 X38.677 Y230.643 F300
G1 X38.608 Y230.611 F300
G1 X38.544 Y230.57 F300
G1 X38.485 Y230.522 F300
G1 X38.432 Y230.468 F300
G1 X38.385 Y230.407 F300
G1 X38.346 Y230.341 F300
G1 X38.315 Y230.27 F300
G1 X38.292 Y230.196 F300
G1 X38.277 Y230.117 F300
G1 X38.273 Y230.036 F300
G1 X38.275 Y229.977 F300
G1 X38.283 Y229.92 F300
G1 X38.298 Y229.864 F300
G1 X38.32 Y229.811 F300
G1 X38.35 Y229.763 F300
G1 X38.373 Y229.728 F300
G1 X38.401 Y229.688 F300
G1 X38.433 Y229.643 F300
G1 X38.469 Y229.594 F300
G1 X38.507 Y229.542 F300
G1 X38.547 Y229.488 F300
G1 X38.589 Y229.432 F300
G1 X38.632 Y229.376 F300
G1 X38.676 Y229.318 F300
G1 X38.719 Y229.262 F300
G1 X38.762 Y229.206 F300
G1 X38.804 Y229.153 F300
G1 X38.843 Y229.102 F300
G1 X38.88 Y229.054 F300
G1 X38.914 Y229.01 F300
G1 X38.945 Y228.971 F300
G1 X38.971 Y228.938 F300
G1 X38.992 Y228.911 F300
G1 X39.009 Y228.89 F300
G1 X39.019 Y228.877 F300
G1 X39.022 Y228.873 F300
G1 X39.025 Y228.87 F300
G1 X39.033 Y228.862 F300
G1 X39.046 Y228.852 F300
G1 X39.063 Y228.842 F300
G1 X39.083 Y228.834 F300
G1 X39.106 Y228.831 F300
G1 X39.12 Y228.831 F300
G1 X39.134 Y228.835 F300
G1 X39.148 Y228.845 F300
G1 X39.171 Y228.866 F300
G1 X39.186 Y228.887 F300
G1 X39.195 Y228.908 F300
G1 X39.197 Y228.929 F300
G1 X39.193 Y228.955 F300
G1 X39.185 Y228.976 F300
G1 X39.176 Y228.992 F300
G1 X39.17 Y229.003 F300
G1 X39.16 Y229.021 F300
G1 X39.146 Y229.046 F300
G1 X39.129 Y229.076 F300
G1 X39.11 Y229.11 F300
G1 X39.089 Y229.147 F300
G1 X39.068 Y229.186 F300
G1 X39.046 Y229.226 F300
G1 X39.024 Y229.265 F300
G1 X39.003 Y229.303 F300
G1 X38.984 Y229.338 F300
G1 X38.966 Y229.369 F300
G1 X38.952 Y229.396 F300
G1 X38.941 Y229.416 F300
G1 X38.934 Y229.429 F300
G1 X38.931 Y229.434 F300
G1 X38.929 Y229.438 F300
G1 X38.923 Y229.451 F300
G1 X38.915 Y229.471 F300
G1 X38.906 Y229.498 F300
G1 X38.897 Y229.531 F300
G1 X38.89 Y229.569 F300
G1 X38.884 Y229.612 F300
G1 X38.882 Y229.658 F300
G1 X38.887 Y229.724 F300
G1 X38.901 Y229.786 F300
G1 X38.924 Y229.844 F300
G1 X38.955 Y229.898 F300
G1 X38.994 Y229.945 F300
G1 X39.039 Y229.986 F300
G1 X39.091 Y230.019 F300
G1 X39.147 Y230.043 F300
G1 X39.209 Y230.059 F300
G1 X39.274 Y230.064 F300
G1 X39.34 Y230.059 F300
G1 X39.4 Y230.046 F300
G1 X39.453 Y230.026 F300
G1 X39.498 Y230.001 F300
G1 X39.772 Y229.826 F300
G1 X39.777 Y229.824 F300
G1 X39.789 Y229.819 F300
G1 X39.807 Y229.814 F300
G1 X39.828 Y229.812 F300
G1 X39.848 Y229.813 F300
G1 X39.865 Y229.819 F300
G1 X39.882 Y229.83 F300
G1 X39.898 Y229.847 F300
G1 X39.91 Y229.871 F300
G1 X39.917 Y229.89 F300
G1 X39.919 Y229.91 F300
G1 X39.917 Y229.929 F300
G1 X39.91 Y229.947 F300
G1 X39.898 Y229.966 F300
G1 X39.884 Y229.987 F300;svg > path
G0 X83.326 Y229.987
G1 X83.317 Y229.997 F300
G1 X83.303 Y230.012 F300
G1 X83.284 Y230.036 F300
G1 X82.479 Y231.031 F300
G1 X82.472 Y231.042 F300
G1 X82.467 Y231.057 F300
G1 X82.465 Y231.073 F300
G1 X82.467 Y231.095 F300
G1 X82.472 Y231.118 F300
G1 X82.479 Y231.136 F300
G1 X83.193 Y232.215 F300
G1 X83.2 Y232.231 F300
G1 X83.205 Y232.248 F300
G1 X83.207 Y232.264 F300
G1 X83.207 Y232.327 F300
G1 X83.205 Y232.348 F300
G1 X83.198 Y232.367 F300
G1 X83.186 Y232.383 F300
G1 X82.051 Y233.917 F300
G1 X82.049 Y233.921 F300
G1 X82.043 Y233.928 F300
G1 X82.032 Y233.938 F300
G1 X82.018 Y233.949 F300
G1 X82.001 Y233.956 F300
G1 X81.981 Y233.959 F300
G1 X81.962 Y233.957 F300
G1 X81.944 Y233.95 F300
G1 X81.925 Y233.938 F300
G1 X81.908 Y233.922 F300
G1 X81.897 Y233.903 F300
G1 X81.892 Y233.885 F300
G1 X81.89 Y233.868 F300
G1 X81.892 Y233.844 F300
G1 X81.898 Y233.823 F300
G1 X81.904 Y233.806 F300
G1 X81.909 Y233.795 F300
G1 X81.911 Y233.791 F300
G1 X82.444 Y233.063 F300
G1 X82.455 Y233.039 F300
G1 X82.462 Y233.011 F300
G1 X82.465 Y232.979 F300
G1 X82.462 Y232.949 F300
G1 X82.455 Y232.919 F300
G1 X82.444 Y232.895 F300
G1 X81.736 Y231.816 F300
G1 X81.729 Y231.798 F300
G1 X81.724 Y231.777 F300
G1 X81.722 Y231.76 F300
G1 X81.722 Y231.696 F300
G1 X81.724 Y231.676 F300
G1 X81.731 Y231.656 F300
G1 X81.743 Y231.64 F300
G1 X82.528 Y230.667 F300
G1 X82.507 Y230.671 F300
G1 X82.478 Y230.677 F300
G1 X82.442 Y230.682 F300
G1 X82.4 Y230.686 F300
G1 X82.353 Y230.688 F300
G1 X82.272 Y230.683 F300
G1 X82.194 Y230.668 F300
G1 X82.12 Y230.643 F300
G1 X82.051 Y230.611 F300
G1 X81.986 Y230.57 F300
G1 X81.927 Y230.522 F300
G1 X81.874 Y230.468 F300
G1 X81.828 Y230.407 F300
G1 X81.789 Y230.341 F300
G1 X81.757 Y230.27 F300
G1 X81.734 Y230.196 F300
G1 X81.72 Y230.117 F300
G1 X81.715 Y230.036 F300
G1 X81.718 Y229.977 F300
G1 X81.726 Y229.92 F300
G1 X81.741 Y229.864 F300
G1 X81.763 Y229.811 F300
G1 X81.792 Y229.763 F300
G1 X81.816 Y229.728 F300
G1 X81.844 Y229.688 F300
G1 X81.876 Y229.643 F300
G1 X81.911 Y229.594 F300
G1 X81.949 Y229.542 F300
G1 X81.99 Y229.488 F300
G1 X82.032 Y229.432 F300
G1 X82.075 Y229.376 F300
G1 X82.119 Y229.318 F300
G1 X82.162 Y229.262 F300
G1 X82.205 Y229.206 F300
G1 X82.246 Y229.153 F300
G1 X82.286 Y229.102 F300
G1 X82.323 Y229.054 F300
G1 X82.357 Y229.01 F300
G1 X82.388 Y228.971 F300
G1 X82.414 Y228.938 F300
G1 X82.435 Y228.911 F300
G1 X82.451 Y228.89 F300
G1 X82.461 Y228.877 F300
G1 X82.465 Y228.873 F300
G1 X82.468 Y228.87 F300
G1 X82.476 Y228.862 F300
G1 X82.488 Y228.852 F300
G1 X82.505 Y228.842 F300
G1 X82.525 Y228.834 F300
G1 X82.549 Y228.831 F300
G1 X82.563 Y228.831 F300
G1 X82.577 Y228.835 F300
G1 X82.591 Y228.845 F300
G1 X82.613 Y228.866 F300
G1 X82.628 Y228.887 F300
G1 X82.637 Y228.908 F300
G1 X82.64 Y228.929 F300
G1 X82.636 Y228.955 F300
G1 X82.627 Y228.976 F300
G1 X82.619 Y228.992 F300
G1 X82.613 Y229.003 F300
G1 X82.602 Y229.021 F300
G1 X82.588 Y229.046 F300
G1 X82.572 Y229.076 F300
G1 X82.553 Y229.11 F300
G1 X82.532 Y229.147 F300
G1 X82.51 Y229.186 F300
G1 X82.488 Y229.226 F300
G1 X82.467 Y229.265 F300
G1 X82.446 Y229.303 F300
G1 X82.426 Y229.338 F300
G1 X82.409 Y229.369 F300
G1 X82.395 Y229.396 F300
G1 X82.383 Y229.416 F300
G1 X82.376 Y229.429 F300
G1 X82.374 Y229.434 F300
G1 X82.372 Y229.438 F300
G1 X82.366 Y229.451 F300
G1 X82.358 Y229.471 F300
G1 X82.349 Y229.498 F300
G1 X82.34 Y229.531 F300
G1 X82.332 Y229.569 F300
G1 X82.327 Y229.612 F300
G1 X82.325 Y229.658 F300
G1 X82.33 Y229.724 F300
G1 X82.344 Y229.786 F300
G1 X82.367 Y229.844 F300
G1 X82.398 Y229.898 F300
G1 X82.437 Y229.945 F300
G1 X82.482 Y229.986 F300
G1 X82.533 Y230.019 F300
G1 X82.59 Y230.043 F300
G1 X82.651 Y230.059 F300
G1 X82.717 Y230.064 F300
G1 X82.783 Y230.059 F300
G1 X82.842 Y230.046 F300
G1 X82.895 Y230.026 F300
G1 X82.941 Y230.001 F300
G1 X83.214 Y229.826 F300
G1 X83.219 Y229.824 F300
G1 X83.232 Y229.819 F300
G1 X83.25 Y229.814 F300
G1 X83.27 Y229.812 F300
G1 X83.29 Y229.813 F300
G1 X83.308 Y229.819 F300
G1 X83.325 Y229.83 F300
G1 X83.34 Y229.847 F300
G1 X83.352 Y229.871 F300
G1 X83.359 Y229.89 F300
G1 X83.362 Y229.91 F300
G1 X83.359 Y229.929 F300
G1 X83.352 Y229.947 F300
G1 X83.34 Y229.966 F300
G1 X83.326 Y229.987 F300;svg > path
G0 X163.168 Y229.987
G1 X163.159 Y229.997 F300
G1 X163.145 Y230.012 F300
G1 X163.126 Y230.036 F300
G1 X162.32 Y231.031 F300
G1 X162.314 Y231.042 F300
G1 X162.308 Y231.057 F300
G1 X162.306 Y231.073 F300
G1 X162.308 Y231.095 F300
G1 X162.314 Y231.118 F300
G1 X162.32 Y231.136 F300
G1 X163.035 Y232.215 F300
G1 X163.042 Y232.231 F300
G1 X163.047 Y232.248 F300
G1 X163.049 Y232.264 F300
G1 X163.049 Y232.327 F300
G1 X163.047 Y232.348 F300
G1 X163.04 Y232.367 F300
G1 X163.028 Y232.383 F300
G1 X161.893 Y233.917 F300
G1 X161.891 Y233.921 F300
G1 X161.884 Y233.928 F300
G1 X161.874 Y233.938 F300
G1 X161.86 Y233.949 F300
G1 X161.843 Y233.956 F300
G1 X161.823 Y233.959 F300
G1 X161.804 Y233.957 F300
G1 X161.786 Y233.95 F300
G1 X161.767 Y233.938 F300
G1 X161.75 Y233.922 F300
G1 X161.739 Y233.903 F300
G1 X161.733 Y233.885 F300
G1 X161.732 Y233.868 F300
G1 X161.734 Y233.844 F300
G1 X161.739 Y233.823 F300
G1 X161.746 Y233.806 F300
G1 X161.751 Y233.795 F300
G1 X161.753 Y233.791 F300
G1 X162.285 Y233.063 F300
G1 X162.297 Y233.039 F300
G1 X162.304 Y233.011 F300
G1 X162.306 Y232.979 F300
G1 X162.304 Y232.949 F300
G1 X162.297 Y232.919 F300
G1 X162.285 Y232.895 F300
G1 X161.578 Y231.816 F300
G1 X161.571 Y231.798 F300
G1 X161.566 Y231.777 F300
G1 X161.564 Y231.76 F300
G1 X161.564 Y231.696 F300
G1 X161.566 Y231.676 F300
G1 X161.573 Y231.656 F300
G1 X161.585 Y231.64 F300
G1 X162.37 Y230.667 F300
G1 X162.349 Y230.671 F300
G1 X162.32 Y230.677 F300
G1 X162.284 Y230.682 F300
G1 X162.242 Y230.686 F300
G1 X162.194 Y230.688 F300
G1 X162.113 Y230.683 F300
G1 X162.036 Y230.668 F300
G1 X161.962 Y230.643 F300
G1 X161.892 Y230.611 F300
G1 X161.828 Y230.57 F300
G1 X161.769 Y230.522 F300
G1 X161.716 Y230.468 F300
G1 X161.67 Y230.407 F300
G1 X161.63 Y230.341 F300
G1 X161.599 Y230.27 F300
G1 X161.576 Y230.196 F300
G1 X161.562 Y230.117 F300
G1 X161.557 Y230.036 F300
G1 X161.559 Y229.977 F300
G1 X161.568 Y229.92 F300
G1 X161.582 Y229.864 F300
G1 X161.604 Y229.811 F300
G1 X161.634 Y229.763 F300
G1 X161.657 Y229.728 F300
G1 X161.685 Y229.688 F300
G1 X161.717 Y229.643 F300
G1 X161.753 Y229.594 F300
G1 X161.791 Y229.542 F300
G1 X161.831 Y229.488 F300
G1 X161.874 Y229.432 F300
G1 X161.917 Y229.376 F300
G1 X161.96 Y229.318 F300
G1 X162.004 Y229.262 F300
G1 X162.047 Y229.206 F300
G1 X162.088 Y229.153 F300
G1 X162.128 Y229.102 F300
G1 X162.165 Y229.054 F300
G1 X162.199 Y229.01 F300
G1 X162.229 Y228.971 F300
G1 X162.255 Y228.938 F300
G1 X162.277 Y228.911 F300
G1 X162.293 Y228.89 F300
G1 X162.303 Y228.877 F300
G1 X162.306 Y228.873 F300
G1 X162.309 Y228.87 F300
G1 X162.317 Y228.862 F300
G1 X162.33 Y228.852 F300
G1 X162.347 Y228.842 F300
G1 X162.367 Y228.834 F300
G1 X162.39 Y228.831 F300
G1 X162.404 Y228.831 F300
G1 X162.418 Y228.835 F300
G1 X162.433 Y228.845 F300
G1 X162.455 Y228.866 F300
G1 X162.47 Y228.887 F300
G1 X162.479 Y228.908 F300
G1 X162.481 Y228.929 F300
G1 X162.478 Y228.955 F300
G1 X162.469 Y228.976 F300
G1 X162.461 Y228.992 F300
G1 X162.454 Y229.003 F300
G1 X162.444 Y229.021 F300
G1 X162.43 Y229.046 F300
G1 X162.413 Y229.076 F300
G1 X162.394 Y229.11 F300
G1 X162.374 Y229.147 F300
G1 X162.352 Y229.186 F300
G1 X162.33 Y229.226 F300
G1 X162.308 Y229.265 F300
G1 X162.287 Y229.303 F300
G1 X162.268 Y229.338 F300
G1 X162.251 Y229.369 F300
G1 X162.236 Y229.396 F300
G1 X162.225 Y229.416 F300
G1 X162.218 Y229.429 F300
G1 X162.215 Y229.434 F300
G1 X162.213 Y229.438 F300
G1 X162.208 Y229.451 F300
G1 X162.2 Y229.471 F300
G1 X162.191 Y229.498 F300
G1 X162.182 Y229.531 F300
G1 X162.174 Y229.569 F300
G1 X162.168 Y229.612 F300
G1 X162.166 Y229.658 F300
G1 X162.171 Y229.724 F300
G1 X162.186 Y229.786 F300
G1 X162.209 Y229.844 F300
G1 X162.24 Y229.898 F300
G1 X162.278 Y229.945 F300
G1 X162.324 Y229.986 F300
G1 X162.375 Y230.019 F300
G1 X162.432 Y230.043 F300
G1 X162.493 Y230.059 F300
G1 X162.559 Y230.064 F300
G1 X162.624 Y230.059 F300
G1 X162.684 Y230.046 F300
G1 X162.737 Y230.026 F300
G1 X162.783 Y230.001 F300
G1 X163.056 Y229.826 F300
G1 X163.061 Y229.824 F300
G1 X163.074 Y229.819 F300
G1 X163.091 Y229.814 F300
G1 X163.112 Y229.812 F300
G1 X163.132 Y229.813 F300
G1 X163.15 Y229.819 F300
G1 X163.166 Y229.83 F300
G1 X163.182 Y229.847 F300
G1 X163.194 Y229.871 F300
G1 X163.201 Y229.89 F300
G1 X163.203 Y229.91 F300
G1 X163.201 Y229.929 F300
G1 X163.194 Y229.947 F300
G1 X163.182 Y229.966 F300
G1 X163.168 Y229.987 F300;svg > path
G0 X139.772 Y233.338
G1 X155.984 Y233.338 F300
G1 X155.984 Y232.462 F300
G1 X139.772 Y232.462 F300
G1 X139.772 Y233.338 F300;svg > path
G0 X190.384 Y235.089
G1 X195.904 Y234.651 F300
G1 X195.904 Y233.774 F300
G1 X190.384 Y234.211 F300
G1 X190.384 Y235.089 F300;svg > path
G0 X110.542 Y235.089
G1 X116.063 Y234.651 F300
G1 X116.063 Y233.774 F300
G1 X110.542 Y234.211 F300
G1 X110.542 Y235.089 F300;svg > path
G0 X56.409 Y233.338
G1 X74.487 Y233.338 F300
G1 X74.487 Y232.462 F300
G1 X56.409 Y232.462 F300
G1 X56.409 Y233.338 F300;svg > path
G0 X137.672 Y209.713
G1 X153.884 Y209.713 F300
G1 X153.884 Y208.838 F300
G1 X137.672 Y208.838 F300
G1 X137.672 Y209.713 F300;svg > path
G0 X177.593 Y209.713
G1 X193.805 Y209.713 F300
G1 X193.805 Y208.838 F300
G1 X177.593 Y208.838 F300
G1 X177.593 Y209.713 F300;svg > path
G0 X54.309 Y210.15
G1 X72.387 Y210.15 F300
G1 X72.387 Y209.275 F300
G1 X54.309 Y209.275 F300
G1 X54.309 Y210.15 F300;svg > path
G0 X97.751 Y210.15
G1 X113.963 Y210.15 F300
G1 X113.963 Y209.275 F300
G1 X97.751 Y209.275 F300
G1 X97.751 Y210.15 F300;svg > path
G0 X21.782 Y222.095
G1 X21.84 Y222.157 F300
G1 X21.901 Y222.224 F300
G1 X21.965 Y222.295 F300
G1 X22.032 Y222.373 F300
G1 X22.101 Y222.456 F300
G1 X22.172 Y222.544 F300
G1 X22.243 Y222.639 F300
G1 X22.316 Y222.739 F300
G1 X22.388 Y222.845 F300
G1 X22.46 Y222.958 F300
G1 X22.531 Y223.077 F300
G1 X22.6 Y223.202 F300
G1 X22.668 Y223.334 F300
G1 X22.733 Y223.473 F300
G1 X22.794 Y223.618 F300
G1 X22.853 Y223.771 F300
G1 X22.907 Y223.931 F300
G1 X22.956 Y224.098 F300
G1 X23 Y224.272 F300
G1 X23.039 Y224.454 F300
G1 X23.071 Y224.643 F300
G1 X23.097 Y224.84 F300
G1 X23.115 Y225.045 F300
G1 X23.128 Y225.429 F300
G1 X23.124 Y225.699 F300
G1 X23.111 Y225.97 F300
G1 X23.091 Y226.241 F300
G1 X23.064 Y226.51 F300
G1 X23.031 Y226.779 F300
G1 X22.993 Y227.046 F300
G1 X22.95 Y227.311 F300
G1 X22.902 Y227.575 F300
G1 X22.852 Y227.836 F300
G1 X22.798 Y228.094 F300
G1 X22.743 Y228.35 F300
G1 X22.686 Y228.602 F300
G1 X22.629 Y228.851 F300
G1 X22.571 Y229.095 F300
G1 X22.515 Y229.336 F300
G1 X22.46 Y229.572 F300
G1 X22.407 Y229.803 F300
G1 X22.356 Y230.028 F300
G1 X22.31 Y230.248 F300
G1 X22.267 Y230.463 F300
G1 X22.229 Y230.671 F300
G1 X22.197 Y230.872 F300
G1 X22.171 Y231.067 F300
G1 X22.152 Y231.255 F300
G1 X22.138 Y231.582 F300
G1 X22.141 Y231.746 F300
G1 X22.15 Y231.908 F300
G1 X22.165 Y232.069 F300
G1 X22.185 Y232.228 F300
G1 X22.21 Y232.385 F300
G1 X22.239 Y232.54 F300
G1 X22.272 Y232.692 F300
G1 X22.308 Y232.84 F300
G1 X22.347 Y232.986 F300
G1 X22.389 Y233.127 F300
G1 X22.433 Y233.265 F300
G1 X22.479 Y233.398 F300
G1 X22.526 Y233.526 F300
G1 X22.573 Y233.65 F300
G1 X22.621 Y233.768 F300
G1 X22.669 Y233.88 F300
G1 X22.716 Y233.986 F300
G1 X22.762 Y234.085 F300
G1 X22.807 Y234.178 F300
G1 X22.85 Y234.264 F300
G1 X22.891 Y234.342 F300
G1 X22.928 Y234.412 F300
G1 X22.963 Y234.475 F300
G1 X22.994 Y234.529 F300
G1 X23.021 Y234.574 F300
G1 X23.043 Y234.61 F300
G1 X23.061 Y234.637 F300
G1 X23.077 Y234.659 F300
G1 X23.077 Y234.674 F300
G1 X23.077 Y234.685 F300
G1 X23.077 Y234.695 F300
G1 X23.077 Y234.71 F300
G1 X23.077 Y234.73 F300
G1 X23.074 Y234.749 F300
G1 X23.067 Y234.768 F300
G1 X23.052 Y234.787 F300
G1 X23.037 Y234.787 F300
G1 X23.02 Y234.785 F300
G1 X23.001 Y234.781 F300
G1 X22.982 Y234.772 F300
G1 X22.965 Y234.758 F300
G1 X22.95 Y234.736 F300
G1 X22.944 Y234.729 F300
G1 X22.929 Y234.714 F300
G1 X22.908 Y234.691 F300
G1 X22.879 Y234.659 F300
G1 X22.844 Y234.62 F300
G1 X22.804 Y234.572 F300
G1 X22.758 Y234.517 F300
G1 X22.708 Y234.454 F300
G1 X22.653 Y234.384 F300
G1 X22.595 Y234.307 F300
G1 X22.535 Y234.222 F300
G1 X22.472 Y234.13 F300
G1 X22.407 Y234.031 F300
G1 X22.34 Y233.925 F300
G1 X22.274 Y233.813 F300
G1 X22.206 Y233.694 F300
G1 X22.14 Y233.568 F300
G1 X22.074 Y233.437 F300
G1 X22.01 Y233.299 F300
G1 X21.947 Y233.155 F300
G1 X21.888 Y233.005 F300
G1 X21.831 Y232.849 F300
G1 X21.778 Y232.688 F300
G1 X21.729 Y232.521 F300
G1 X21.686 Y232.348 F300
G1 X21.647 Y232.171 F300
G1 X21.614 Y231.988 F300
G1 X21.588 Y231.8 F300
G1 X21.569 Y231.608 F300
G1 X21.554 Y231.223 F300
G1 X21.557 Y230.988 F300
G1 X21.566 Y230.757 F300
G1 X21.581 Y230.53 F300
G1 X21.601 Y230.307 F300
G1 X21.626 Y230.086 F300
G1 X21.655 Y229.868 F300
G1 X21.688 Y229.651 F300
G1 X21.724 Y229.436 F300
G1 X21.764 Y229.221 F300
G1 X21.805 Y229.007 F300
G1 X21.849 Y228.792 F300
G1 X21.894 Y228.576 F300
G1 X21.94 Y228.359 F300
G1 X21.986 Y228.14 F300
G1 X22.033 Y227.919 F300
G1 X22.08 Y227.694 F300
G1 X22.125 Y227.467 F300
G1 X22.17 Y227.235 F300
G1 X22.212 Y226.998 F300
G1 X22.253 Y226.757 F300
G1 X22.29 Y226.51 F300
G1 X22.325 Y226.257 F300
G1 X22.356 Y225.997 F300
G1 X22.383 Y225.73 F300
G1 X22.406 Y225.456 F300
G1 X22.423 Y225.173 F300
G1 X22.435 Y224.882 F300
G1 X22.443 Y224.429 F300
G1 X22.439 Y224.311 F300
G1 X22.43 Y224.186 F300
G1 X22.414 Y224.054 F300
G1 X22.39 Y223.914 F300
G1 X22.36 Y223.77 F300
G1 X22.321 Y223.62 F300
G1 X22.275 Y223.465 F300
G1 X22.22 Y223.308 F300
G1 X22.157 Y223.147 F300
G1 X22.085 Y222.985 F300
G1 X22.004 Y222.822 F300
G1 X21.913 Y222.658 F300
G1 X21.812 Y222.495 F300
G1 X21.701 Y222.332 F300
G1 X21.579 Y222.172 F300
G1 X21.568 Y222.168 F300
G1 X21.561 Y222.158 F300
G1 X21.557 Y222.143 F300
G1 X21.555 Y222.127 F300
G1 X21.554 Y222.11 F300
G1 X21.554 Y222.095 F300
G1 X21.545 Y222.082 F300
G1 X21.543 Y222.07 F300
G1 X21.547 Y222.057 F300
G1 X21.555 Y222.044 F300
G1 X21.567 Y222.031 F300
G1 X21.579 Y222.018 F300
G1 X21.701 Y221.858 F300
G1 X21.812 Y221.696 F300
G1 X21.913 Y221.533 F300
G1 X22.004 Y221.369 F300
G1 X22.085 Y221.205 F300
G1 X22.157 Y221.043 F300
G1 X22.22 Y220.883 F300
G1 X22.275 Y220.725 F300
G1 X22.321 Y220.571 F300
G1 X22.36 Y220.421 F300
G1 X22.39 Y220.276 F300
G1 X22.414 Y220.137 F300
G1 X22.43 Y220.004 F300
G1 X22.439 Y219.879 F300
G1 X22.443 Y219.762 F300
G1 X22.439 Y219.457 F300
G1 X22.43 Y219.161 F300
G1 X22.415 Y218.874 F300
G1 X22.395 Y218.595 F300
G1 X22.37 Y218.324 F300
G1 X22.341 Y218.061 F300
G1 X22.308 Y217.805 F300
G1 X22.272 Y217.555 F300
G1 X22.232 Y217.311 F300
G1 X22.191 Y217.072 F300
G1 X22.147 Y216.838 F300
G1 X22.102 Y216.608 F300
G1 X22.056 Y216.382 F300
G1 X22.01 Y216.16 F300
G1 X21.963 Y215.94 F300
G1 X21.916 Y215.722 F300
G1 X21.871 Y215.505 F300
G1 X21.826 Y215.29 F300
G1 X21.784 Y215.076 F300
G1 X21.743 Y214.861 F300
G1 X21.706 Y214.646 F300
G1 X21.671 Y214.43 F300
G1 X21.64 Y214.213 F300
G1 X21.613 Y213.993 F300
G1 X21.59 Y213.771 F300
G1 X21.573 Y213.546 F300
G1 X21.561 Y213.317 F300
G1 X21.554 Y212.967 F300
G1 X21.558 Y212.769 F300
G1 X21.57 Y212.575 F300
G1 X21.589 Y212.385 F300
G1 X21.616 Y212.2 F300
G1 X21.649 Y212.019 F300
G1 X21.687 Y211.844 F300
G1 X21.731 Y211.673 F300
G1 X21.78 Y211.508 F300
G1 X21.833 Y211.348 F300
G1 X21.889 Y211.193 F300
G1 X21.949 Y211.044 F300
G1 X22.011 Y210.901 F300
G1 X22.075 Y210.763 F300
G1 X22.14 Y210.632 F300
G1 X22.207 Y210.506 F300
G1 X22.273 Y210.387 F300
G1 X22.34 Y210.275 F300
G1 X22.406 Y210.169 F300
G1 X22.471 Y210.069 F300
G1 X22.533 Y209.977 F300
G1 X22.594 Y209.892 F300
G1 X22.652 Y209.813 F300
G1 X22.706 Y209.742 F300
G1 X22.756 Y209.679 F300
G1 X22.802 Y209.623 F300
G1 X22.842 Y209.575 F300
G1 X22.877 Y209.534 F300
G1 X22.906 Y209.502 F300
G1 X22.928 Y209.478 F300
G1 X22.943 Y209.462 F300
G1 X22.95 Y209.455 F300
G1 X22.965 Y209.431 F300
G1 X22.982 Y209.413 F300
G1 X23.001 Y209.4 F300
G1 X23.02 Y209.394 F300
G1 X23.037 Y209.395 F300
G1 X23.052 Y209.403 F300
G1 X23.065 Y209.416 F300
G1 X23.076 Y209.429 F300
G1 X23.084 Y209.442 F300
G1 X23.088 Y209.455 F300
G1 X23.086 Y209.467 F300
G1 X23.077 Y209.48 F300
G1 X23.077 Y209.485 F300
G1 X23.077 Y209.496 F300
G1 X23.077 Y209.513 F300
G1 X23.077 Y209.531 F300
G1 X23.069 Y209.542 F300
G1 X23.055 Y209.562 F300
G1 X23.036 Y209.592 F300
G1 X23.012 Y209.632 F300
G1 X22.983 Y209.68 F300
G1 X22.951 Y209.737 F300
G1 X22.915 Y209.803 F300
G1 X22.876 Y209.876 F300
G1 X22.835 Y209.957 F300
G1 X22.791 Y210.045 F300
G1 X22.746 Y210.141 F300
G1 X22.699 Y210.242 F300
G1 X22.652 Y210.351 F300
G1 X22.604 Y210.465 F300
G1 X22.556 Y210.585 F300
G1 X22.509 Y210.71 F300
G1 X22.462 Y210.84 F300
G1 X22.417 Y210.975 F300
G1 X22.374 Y211.114 F300
G1 X22.333 Y211.257 F300
G1 X22.295 Y211.403 F300
G1 X22.26 Y211.553 F300
G1 X22.228 Y211.706 F300
G1 X22.2 Y211.862 F300
G1 X22.177 Y212.02 F300
G1 X22.159 Y212.179 F300
G1 X22.146 Y212.341 F300
G1 X22.138 Y212.608 F300
G1 X22.142 Y212.782 F300
G1 X22.155 Y212.963 F300
G1 X22.175 Y213.152 F300
G1 X22.202 Y213.348 F300
G1 X22.235 Y213.55 F300
G1 X22.273 Y213.759 F300
G1 X22.316 Y213.975 F300
G1 X22.364 Y214.196 F300
G1 X22.414 Y214.422 F300
G1 X22.468 Y214.654 F300
G1 X22.523 Y214.89 F300
G1 X22.58 Y215.131 F300
G1 X22.637 Y215.377 F300
G1 X22.695 Y215.626 F300
G1 X22.751 Y215.879 F300
G1 X22.806 Y216.134 F300
G1 X22.859 Y216.393 F300
G1 X22.91 Y216.655 F300
G1 X22.956 Y216.919 F300
G1 X22.999 Y217.184 F300
G1 X23.037 Y217.452 F300
G1 X23.069 Y217.721 F300
G1 X23.095 Y217.99 F300
G1 X23.114 Y218.261 F300
G1 X23.128 Y218.762 F300
G1 X23.124 Y218.981 F300
G1 X23.112 Y219.192 F300
G1 X23.092 Y219.395 F300
G1 X23.066 Y219.589 F300
G1 X23.033 Y219.776 F300
G1 X22.994 Y219.955 F300
G1 X22.95 Y220.126 F300
G1 X22.901 Y220.29 F300
G1 X22.847 Y220.447 F300
G1 X22.789 Y220.596 F300
G1 X22.728 Y220.738 F300
G1 X22.664 Y220.874 F300
G1 X22.597 Y221.003 F300
G1 X22.529 Y221.126 F300
G1 X22.459 Y221.242 F300
G1 X22.388 Y221.352 F300
G1 X22.317 Y221.456 F300
G1 X22.245 Y221.554 F300
G1 X22.175 Y221.646 F300
G1 X22.105 Y221.732 F300
G1 X22.037 Y221.814 F300
G1 X21.971 Y221.89 F300
G1 X21.907 Y221.961 F300
G1 X21.846 Y222.027 F300
G1 X21.782 Y222.095 F300
